keyword,cluster,volume_mensile,kd,intento,intento_operativo,mese_picco,aggancio_prodotto,serp_note,fonte_dato
ferie,"Ferie, permessi, malattia, maternita",27100,2,informational,informazionale pura,aprile,busta paga,SERP non controllata,"dataforseo_labs_google_keyword_overview (volume, monthly_searches, intento); dataforseo_labs_bulk_keyword_difficulty (KD)"
congedi straordinari legge 104,"Ferie, permessi, malattia, maternita",9900,0,informational,informazionale pura,ottobre,busta paga,SERP non controllata,"dataforseo_labs_google_keyword_overview (volume, monthly_searches, intento); dataforseo_labs_bulk_keyword_difficulty (KD)"
maternità facoltativa,"Ferie, permessi, malattia, maternita",9900,0,informational,informazionale pura,gennaio,busta paga,SERP non controllata,"dataforseo_labs_google_keyword_overview (volume, monthly_searches, intento); dataforseo_labs_bulk_keyword_difficulty (KD)"
aspettativa non retribuita,"Ferie, permessi, malattia, maternita",8100,0,informational,problema/sintomo,settembre,nessuno,SERP non controllata,"dataforseo_labs_google_keyword_overview (volume, monthly_searches, intento); dataforseo_labs_bulk_keyword_difficulty (KD)"
obbligatoria maternità,"Ferie, permessi, malattia, maternita",6600,0,informational,informazionale pura,settembre,busta paga,SERP non controllata,"dataforseo_labs_google_keyword_overview (volume, monthly_searches, intento); dataforseo_labs_bulk_keyword_difficulty (KD)"
maternità congedo,"Ferie, permessi, malattia, maternita",5400,0,informational,informazionale pura,marzo,busta paga,SERP non controllata,"dataforseo_labs_google_keyword_overview (volume, monthly_searches, intento); dataforseo_labs_bulk_keyword_difficulty (KD)"
maternità,"Ferie, permessi, malattia, maternita",4400,0,informational,informazionale pura,gennaio,busta paga,SERP non controllata,"dataforseo_labs_google_keyword_overview (volume, monthly_searches, intento); dataforseo_labs_bulk_keyword_difficulty (KD)"
maternità anticipata,"Ferie, permessi, malattia, maternita",2900,0,informational,informazionale pura,ottobre,busta paga,SERP non controllata,"dataforseo_labs_google_keyword_overview (volume, monthly_searches, intento); dataforseo_labs_bulk_keyword_difficulty (KD)"
maternità facoltativa 2026,"Ferie, permessi, malattia, maternita",2900,0,transactional,informazionale pura,marzo,busta paga,SERP non controllata,"dataforseo_labs_google_keyword_overview (volume, monthly_searches, intento); dataforseo_labs_bulk_keyword_difficulty (KD)"
quanti giorni di ferie si maturano in un mese,"Ferie, permessi, malattia, maternita",2400,0,informational,problema/sintomo,luglio,busta paga,SERP non controllata,"dataforseo_labs_google_keyword_overview (volume, monthly_searches, intento); dataforseo_labs_bulk_keyword_difficulty (KD)"
ferie 2026,"Ferie, permessi, malattia, maternita",1900,0,informational,informazionale pura,gennaio,busta paga,SERP non controllata,"dataforseo_labs_google_keyword_overview (volume, monthly_searches, intento); dataforseo_labs_bulk_keyword_difficulty (KD)"
ferie non godute,"Ferie, permessi, malattia, maternita",1900,0,informational,informazionale pura,marzo,busta paga,"AI Overview in pos.1. Organico: Dipendenti in Cloud, Lavorosi, Ali Lavoro, Randstad, Facebook PMI.it, buoni-pasto.it, Zeta Service, Moltocomuni (PA), Studio Cassone. Taglio prevalente B2B (obblighi del datore di lavoro): spazio libero per il taglio lato lavoratore.","dataforseo_labs_google_keyword_overview (volume, monthly_searches, intento); dataforseo_labs_bulk_keyword_difficulty (KD); serp_organic_live_advanced (SERP)"
maternità assegno,"Ferie, permessi, malattia, maternita",1900,0,informational,informazionale pura,febbraio,busta paga,SERP non controllata,"dataforseo_labs_google_keyword_overview (volume, monthly_searches, intento); dataforseo_labs_bulk_keyword_difficulty (KD)"
quanto dura la maternità,"Ferie, permessi, malattia, maternita",1900,0,informational,informazionale con bisogno di calcolo,gennaio,busta paga,SERP non controllata,"dataforseo_labs_google_keyword_overview (volume, monthly_searches, intento); dataforseo_labs_bulk_keyword_difficulty (KD)"
congedo per maternità facoltativa,"Ferie, permessi, malattia, maternita",1300,0,informational,informazionale pura,marzo,busta paga,SERP non controllata,"dataforseo_labs_google_keyword_overview (volume, monthly_searches, intento); dataforseo_labs_bulk_keyword_difficulty (KD)"
congedo per maternità obbligatoria,"Ferie, permessi, malattia, maternita",1300,0,informational,informazionale pura,marzo,busta paga,SERP non controllata,"dataforseo_labs_google_keyword_overview (volume, monthly_searches, intento); dataforseo_labs_bulk_keyword_difficulty (KD)"
la maternità chi la paga,"Ferie, permessi, malattia, maternita",1300,0,informational,informazionale pura,gennaio,busta paga,SERP non controllata,"dataforseo_labs_google_keyword_overview (volume, monthly_searches, intento); dataforseo_labs_bulk_keyword_difficulty (KD)"
malattia ccnl commercio,"Ferie, permessi, malattia, maternita",1300,0,informational,informazionale pura,novembre,busta paga,SERP non controllata,"dataforseo_labs_google_keyword_overview (volume, monthly_searches, intento); dataforseo_labs_bulk_keyword_difficulty (KD)"
malattia sul lavoro,"Ferie, permessi, malattia, maternita",1300,0,informational,informazionale pura,ottobre,busta paga,SERP non controllata,"dataforseo_labs_google_keyword_overview (volume, monthly_searches, intento); dataforseo_labs_bulk_keyword_difficulty (KD)"
come funziona la maternità,"Ferie, permessi, malattia, maternita",880,0,informational,informazionale pura,gennaio,busta paga,SERP non controllata,"dataforseo_labs_google_keyword_overview (volume, monthly_searches, intento); dataforseo_labs_bulk_keyword_difficulty (KD)"
come funziona la malattia a lavoro,"Ferie, permessi, malattia, maternita",720,0,informational,informazionale pura,gennaio,busta paga,SERP non controllata,"dataforseo_labs_google_keyword_overview (volume, monthly_searches, intento); dataforseo_labs_bulk_keyword_difficulty (KD)"
maternità facoltativa: quanto dura,"Ferie, permessi, malattia, maternita",720,0,informational,informazionale con bisogno di calcolo,ottobre,busta paga,SERP non controllata,"dataforseo_labs_google_keyword_overview (volume, monthly_searches, intento); dataforseo_labs_bulk_keyword_difficulty (KD)"
maternità quanti mesi,"Ferie, permessi, malattia, maternita",590,0,informational,informazionale pura,settembre,busta paga,SERP non controllata,"dataforseo_labs_google_keyword_overview (volume, monthly_searches, intento); dataforseo_labs_bulk_keyword_difficulty (KD)"
quanti giorni di ferie si maturano in un anno,"Ferie, permessi, malattia, maternita",590,0,informational,problema/sintomo,agosto,busta paga,SERP non controllata,"dataforseo_labs_google_keyword_overview (volume, monthly_searches, intento); dataforseo_labs_bulk_keyword_difficulty (KD)"
ferie significato,"Ferie, permessi, malattia, maternita",480,0,informational,problema/sintomo,agosto,busta paga,SERP non controllata,"dataforseo_labs_google_keyword_overview (volume, monthly_searches, intento); dataforseo_labs_bulk_keyword_difficulty (KD)"
ferie come si calcolano,"Ferie, permessi, malattia, maternita",390,0,informational,informazionale con bisogno di calcolo,settembre,busta paga,SERP non controllata,"dataforseo_labs_google_keyword_overview (volume, monthly_searches, intento); dataforseo_labs_bulk_keyword_difficulty (KD)"
ferie ap significato,"Ferie, permessi, malattia, maternita",210,0,informational,problema/sintomo,giugno,busta paga,SERP non controllata,"dataforseo_labs_google_keyword_overview (volume, monthly_searches, intento); dataforseo_labs_bulk_keyword_difficulty (KD)"
ferie godute significato,"Ferie, permessi, malattia, maternita",110,0,informational,problema/sintomo,settembre,busta paga,SERP non controllata,"dataforseo_labs_google_keyword_overview (volume, monthly_searches, intento); dataforseo_labs_bulk_keyword_difficulty (KD)"
differenza tra malattia e infortunio sul lavoro,"Ferie, permessi, malattia, maternita",90,non disponibile,informational,problema/sintomo,luglio,busta paga,SERP non controllata,"dataforseo_labs_google_keyword_overview (volume, monthly_searches, intento); dataforseo_labs_bulk_keyword_difficulty (KD)"
quanti giorni di malattia per stress da lavoro,"Ferie, permessi, malattia, maternita",90,0,informational,problema/sintomo,maggio,busta paga,SERP non controllata,"dataforseo_labs_google_keyword_overview (volume, monthly_searches, intento); dataforseo_labs_bulk_keyword_difficulty (KD)"
differenza tra infortunio sul lavoro e malattia professionale,"Ferie, permessi, malattia, maternita",70,non disponibile,informational,problema/sintomo,ottobre,busta paga,SERP non controllata,"dataforseo_labs_google_keyword_overview (volume, monthly_searches, intento); dataforseo_labs_bulk_keyword_difficulty (KD)"
ferie ap cosa significa,"Ferie, permessi, malattia, maternita",70,non disponibile,informational,problema/sintomo,luglio,busta paga,SERP non controllata,"dataforseo_labs_google_keyword_overview (volume, monthly_searches, intento); dataforseo_labs_bulk_keyword_difficulty (KD)"
ferie residue significato,"Ferie, permessi, malattia, maternita",70,0,informational,problema/sintomo,luglio,busta paga,SERP non controllata,"dataforseo_labs_google_keyword_overview (volume, monthly_searches, intento); dataforseo_labs_bulk_keyword_difficulty (KD)"
malattia per stress da lavoro come funziona,"Ferie, permessi, malattia, maternita",40,non disponibile,informational,informazionale pura,marzo,busta paga,SERP non controllata,"dataforseo_labs_google_keyword_overview (volume, monthly_searches, intento); dataforseo_labs_bulk_keyword_difficulty (KD)"
ferie ac significato,"Ferie, permessi, malattia, maternita",30,non disponibile,informational,problema/sintomo,giugno,busta paga,SERP non controllata,"dataforseo_labs_google_keyword_overview (volume, monthly_searches, intento); dataforseo_labs_bulk_keyword_difficulty (KD)"
ferie maturate cosa significa,"Ferie, permessi, malattia, maternita",30,non disponibile,informational,problema/sintomo,luglio,busta paga,SERP non controllata,"dataforseo_labs_google_keyword_overview (volume, monthly_searches, intento); dataforseo_labs_bulk_keyword_difficulty (KD)"
ferie mat significato,"Ferie, permessi, malattia, maternita",20,non disponibile,informational,problema/sintomo,aprile,busta paga,SERP non controllata,"dataforseo_labs_google_keyword_overview (volume, monthly_searches, intento); dataforseo_labs_bulk_keyword_difficulty (KD)"
ferie godute ap significato,"Ferie, permessi, malattia, maternita",,non disponibile,informational,problema/sintomo,non disponibile,busta paga,SERP non controllata,"dataforseo_labs_google_keyword_overview (volume, monthly_searches, intento); dataforseo_labs_bulk_keyword_difficulty (KD)"
welfare,"Benefit, welfare e buoni pasto",49500,4,informational,informazionale pura,marzo,nessuno,SERP non controllata,"dataforseo_labs_google_keyword_overview (volume, monthly_searches, intento); dataforseo_labs_bulk_keyword_difficulty (KD)"
welfare aziendale,"Benefit, welfare e buoni pasto",27100,0,informational,informazionale pura,marzo,nessuno,SERP non controllata,"dataforseo_labs_google_keyword_overview (volume, monthly_searches, intento); dataforseo_labs_bulk_keyword_difficulty (KD)"
fringe benefit,"Benefit, welfare e buoni pasto",22200,11,informational,informazionale pura,gennaio,nessuno,SERP non controllata,"dataforseo_labs_google_keyword_overview (volume, monthly_searches, intento); dataforseo_labs_bulk_keyword_difficulty (KD)"
buoni pasto,"Benefit, welfare e buoni pasto",12100,38,transactional,informazionale pura,settembre,nessuno,SERP non controllata,"dataforseo_labs_google_keyword_overview (volume, monthly_searches, intento); dataforseo_labs_bulk_keyword_difficulty (KD)"
fringe benefit 2026,"Benefit, welfare e buoni pasto",12100,0,commercial,informazionale pura,gennaio,nessuno,SERP non controllata,"dataforseo_labs_google_keyword_overview (volume, monthly_searches, intento); dataforseo_labs_bulk_keyword_difficulty (KD)"
fringe benefit 2025,"Benefit, welfare e buoni pasto",5400,4,informational,informazionale pura,dicembre,nessuno,SERP non controllata,"dataforseo_labs_google_keyword_overview (volume, monthly_searches, intento); dataforseo_labs_bulk_keyword_difficulty (KD)"
buoni pasto 10 euro,"Benefit, welfare e buoni pasto",3600,0,transactional,informazionale pura,ottobre,nessuno,SERP non controllata,"dataforseo_labs_google_keyword_overview (volume, monthly_searches, intento); dataforseo_labs_bulk_keyword_difficulty (KD)"
welfare metalmeccanici 2026,"Benefit, welfare e buoni pasto",3600,0,informational,informazionale pura,febbraio,nessuno,SERP non controllata,"dataforseo_labs_google_keyword_overview (volume, monthly_searches, intento); dataforseo_labs_bulk_keyword_difficulty (KD)"
buoni pasto come funziona,"Benefit, welfare e buoni pasto",1600,0,informational,informazionale pura,gennaio,nessuno,SERP non controllata,"dataforseo_labs_google_keyword_overview (volume, monthly_searches, intento); dataforseo_labs_bulk_keyword_difficulty (KD)"
come funzionano i buoni pasto,"Benefit, welfare e buoni pasto",1600,0,informational,informazionale pura,gennaio,nessuno,SERP non controllata,"dataforseo_labs_google_keyword_overview (volume, monthly_searches, intento); dataforseo_labs_bulk_keyword_difficulty (KD)"
buoni pasto a chi spetta,"Benefit, welfare e buoni pasto",880,0,commercial,problema/sintomo,settembre,nessuno,SERP non controllata,"dataforseo_labs_google_keyword_overview (volume, monthly_searches, intento); dataforseo_labs_bulk_keyword_difficulty (KD)"
buoni pasto a chi spettano,"Benefit, welfare e buoni pasto",880,0,commercial,problema/sintomo,settembre,nessuno,SERP non controllata,"dataforseo_labs_google_keyword_overview (volume, monthly_searches, intento); dataforseo_labs_bulk_keyword_difficulty (KD)"
buoni pasto: quando spettano,"Benefit, welfare e buoni pasto",880,0,informational,problema/sintomo,settembre,nessuno,SERP non controllata,"dataforseo_labs_google_keyword_overview (volume, monthly_searches, intento); dataforseo_labs_bulk_keyword_difficulty (KD)"
welfare aziendale: cos'è,"Benefit, welfare e buoni pasto",880,0,informational,informazionale pura,marzo,nessuno,SERP non controllata,"dataforseo_labs_google_keyword_overview (volume, monthly_searches, intento); dataforseo_labs_bulk_keyword_difficulty (KD)"
trasferta significato,"Benefit, welfare e buoni pasto",590,0,informational,problema/sintomo,maggio,nessuno,SERP non controllata,"dataforseo_labs_google_keyword_overview (volume, monthly_searches, intento); dataforseo_labs_bulk_keyword_difficulty (KD)"
welfare aziendale 2026 quando arriva,"Benefit, welfare e buoni pasto",590,0,commercial,informazionale pura,gennaio,nessuno,SERP non controllata,"dataforseo_labs_google_keyword_overview (volume, monthly_searches, intento); dataforseo_labs_bulk_keyword_difficulty (KD)"
welfare aziendale: come funziona,"Benefit, welfare e buoni pasto",480,0,informational,informazionale pura,ottobre,nessuno,SERP non controllata,"dataforseo_labs_google_keyword_overview (volume, monthly_searches, intento); dataforseo_labs_bulk_keyword_difficulty (KD)"
quanti buoni pasto posso usare al giorno,"Benefit, welfare e buoni pasto",390,0,informational,informazionale pura,dicembre,nessuno,SERP non controllata,"dataforseo_labs_google_keyword_overview (volume, monthly_searches, intento); dataforseo_labs_bulk_keyword_difficulty (KD)"
spetta in caso di trasferta,"Benefit, welfare e buoni pasto",390,0,informational,problema/sintomo,dicembre,nessuno,SERP non controllata,"dataforseo_labs_google_keyword_overview (volume, monthly_searches, intento); dataforseo_labs_bulk_keyword_difficulty (KD)"
welfare aziendale significato,"Benefit, welfare e buoni pasto",320,0,informational,problema/sintomo,giugno,nessuno,SERP non controllata,"dataforseo_labs_google_keyword_overview (volume, monthly_searches, intento); dataforseo_labs_bulk_keyword_difficulty (KD)"
fringe benefit significato,"Benefit, welfare e buoni pasto",260,9,informational,problema/sintomo,gennaio,nessuno,SERP non controllata,"dataforseo_labs_google_keyword_overview (volume, monthly_searches, intento); dataforseo_labs_bulk_keyword_difficulty (KD)"
differenza tra fringe benefit e welfare,"Benefit, welfare e buoni pasto",210,0,informational,problema/sintomo,marzo,nessuno,SERP non controllata,"dataforseo_labs_google_keyword_overview (volume, monthly_searches, intento); dataforseo_labs_bulk_keyword_difficulty (KD)"
fringe benefit cos'è,"Benefit, welfare e buoni pasto",210,7,informational,informazionale pura,gennaio,nessuno,SERP non controllata,"dataforseo_labs_google_keyword_overview (volume, monthly_searches, intento); dataforseo_labs_bulk_keyword_difficulty (KD)"
busta paga,Leggere la busta paga,74000,0,navigational,informazionale pura,aprile,busta paga,SERP non controllata,"dataforseo_labs_google_keyword_overview (volume, monthly_searches, intento); dataforseo_labs_bulk_keyword_difficulty (KD)"
inps cedolino,Leggere la busta paga,60500,21,informational,navigazionale,febbraio,busta paga,SERP non controllata,"dataforseo_labs_google_keyword_overview (volume, monthly_searches, intento); dataforseo_labs_bulk_keyword_difficulty (KD)"
cedolino,Leggere la busta paga,12100,10,informational,informazionale pura,febbraio,busta paga,SERP non controllata,"dataforseo_labs_google_keyword_overview (volume, monthly_searches, intento); dataforseo_labs_bulk_keyword_difficulty (KD)"
cedolino online,Leggere la busta paga,5400,3,navigational,navigazionale,luglio,busta paga,SERP non controllata,"dataforseo_labs_google_keyword_overview (volume, monthly_searches, intento); dataforseo_labs_bulk_keyword_difficulty (KD)"
tfr in busta paga,Leggere la busta paga,5400,0,navigational,informazionale pura,gennaio,busta paga,SERP non controllata,"dataforseo_labs_google_keyword_overview (volume, monthly_searches, intento); dataforseo_labs_bulk_keyword_difficulty (KD)"
busta paga online,Leggere la busta paga,4400,3,navigational,navigazionale,gennaio,busta paga,SERP non controllata,"dataforseo_labs_google_keyword_overview (volume, monthly_searches, intento); dataforseo_labs_bulk_keyword_difficulty (KD)"
busta paga: come leggerla,Leggere la busta paga,3600,0,informational,informazionale pura,gennaio,busta paga,SERP non controllata,"dataforseo_labs_google_keyword_overview (volume, monthly_searches, intento); dataforseo_labs_bulk_keyword_difficulty (KD)"
come leggere una busta paga,Leggere la busta paga,3600,0,informational,problema/sintomo,gennaio,busta paga,"AI Overview in pos.1 (cita Factorial). Organico: Zeta Service, dottrinalavoro (PDF), Randstad, Edenred, Instagram il Post, Sella, Jet HR, Factorial. Nessun dominio istituzionale: SERP di blog HR-tech e agenzie per il lavoro. Battibile con contenuto migliore, ma AI Overview + video (YouTube/TikTok) erodono i clic.","dataforseo_labs_google_keyword_overview (volume, monthly_searches, intento); dataforseo_labs_bulk_keyword_difficulty (KD); serp_organic_live_advanced (SERP)"
conguaglio busta paga gennaio 2026,Leggere la busta paga,2400,0,transactional,informazionale pura,gennaio,busta paga,SERP non controllata,"dataforseo_labs_google_keyword_overview (volume, monthly_searches, intento); dataforseo_labs_bulk_keyword_difficulty (KD)"
conguaglio in busta paga,Leggere la busta paga,2400,0,informational,informazionale pura,gennaio,busta paga,SERP non controllata,"dataforseo_labs_google_keyword_overview (volume, monthly_searches, intento); dataforseo_labs_bulk_keyword_difficulty (KD)"
contributo ivs in busta paga,Leggere la busta paga,2400,0,informational,informazionale pura,luglio,busta paga,SERP non controllata,"dataforseo_labs_google_keyword_overview (volume, monthly_searches, intento); dataforseo_labs_bulk_keyword_difficulty (KD)"
portale busta paga,Leggere la busta paga,2400,10,navigational,navigazionale,aprile,busta paga,SERP non controllata,"dataforseo_labs_google_keyword_overview (volume, monthly_searches, intento); dataforseo_labs_bulk_keyword_difficulty (KD)"
cedolino dicembre 2025,Leggere la busta paga,1900,0,informational,informazionale pura,novembre,busta paga,SERP non controllata,"dataforseo_labs_google_keyword_overview (volume, monthly_searches, intento); dataforseo_labs_bulk_keyword_difficulty (KD)"
contingenze busta paga,Leggere la busta paga,1900,0,informational,informazionale pura,gennaio,busta paga,SERP non controllata,"dataforseo_labs_google_keyword_overview (volume, monthly_searches, intento); dataforseo_labs_bulk_keyword_difficulty (KD)"
esempio busta paga con malattia,Leggere la busta paga,1900,0,informational,informazionale pura,novembre,busta paga,SERP non controllata,"dataforseo_labs_google_keyword_overview (volume, monthly_searches, intento); dataforseo_labs_bulk_keyword_difficulty (KD)"
esempio busta paga liquidazione tfr,Leggere la busta paga,1900,0,informational,informazionale pura,ottobre,busta paga,SERP non controllata,"dataforseo_labs_google_keyword_overview (volume, monthly_searches, intento); dataforseo_labs_bulk_keyword_difficulty (KD)"
inps busta paga,Leggere la busta paga,1900,4,navigational,navigazionale,gennaio,busta paga,SERP non controllata,"dataforseo_labs_google_keyword_overview (volume, monthly_searches, intento); dataforseo_labs_bulk_keyword_difficulty (KD)"
portale del dipendente busta paga,Leggere la busta paga,1900,5,navigational,navigazionale,settembre,busta paga,SERP non controllata,"dataforseo_labs_google_keyword_overview (volume, monthly_searches, intento); dataforseo_labs_bulk_keyword_difficulty (KD)"
www inps it cedolino,Leggere la busta paga,1900,36,navigational,navigazionale,maggio,busta paga,SERP non controllata,"dataforseo_labs_google_keyword_overview (volume, monthly_searches, intento); dataforseo_labs_bulk_keyword_difficulty (KD)"
come si legge una busta paga,Leggere la busta paga,1600,0,informational,problema/sintomo,gennaio,busta paga,SERP non controllata,"dataforseo_labs_google_keyword_overview (volume, monthly_searches, intento); dataforseo_labs_bulk_keyword_difficulty (KD)"
esempio di busta paga,Leggere la busta paga,1600,0,informational,informazionale pura,aprile,busta paga,SERP non controllata,"dataforseo_labs_google_keyword_overview (volume, monthly_searches, intento); dataforseo_labs_bulk_keyword_difficulty (KD)"
trattenute sulla busta paga,Leggere la busta paga,1600,0,informational,problema/sintomo,gennaio,busta paga,"AI Overview in pos.1 molto esteso (chiude la domanda). Organico: Randstad, OpenDotCom, Indeed, Bibanca, Centro Servizi Mediterraneo, SmartCAF, stipendionettocalcolatore.it, Ipsoa. Nessun istituzionale. PAA con 'Perche ho molte trattenute' = intento problema/sintomo confermato.","dataforseo_labs_google_keyword_overview (volume, monthly_searches, intento); dataforseo_labs_bulk_keyword_difficulty (KD); serp_organic_live_advanced (SERP)"
edr in busta paga,Leggere la busta paga,1300,0,informational,informazionale pura,maggio,busta paga,SERP non controllata,"dataforseo_labs_google_keyword_overview (volume, monthly_searches, intento); dataforseo_labs_bulk_keyword_difficulty (KD)"
esempio busta paga con infortunio,Leggere la busta paga,1300,0,informational,informazionale pura,novembre,busta paga,SERP non controllata,"dataforseo_labs_google_keyword_overview (volume, monthly_searches, intento); dataforseo_labs_bulk_keyword_difficulty (KD)"
inail in busta paga,Leggere la busta paga,1300,0,navigational,informazionale pura,gennaio,busta paga,SERP non controllata,"dataforseo_labs_google_keyword_overview (volume, monthly_searches, intento); dataforseo_labs_bulk_keyword_difficulty (KD)"
rol busta paga,Leggere la busta paga,1300,0,informational,informazionale pura,marzo,busta paga,"AI Overview in pos.1 che spiega ROL AP/MAT/GOD/RES. Organico: Dipendenti in Cloud, Indeed, Randstad, Factorial, Coverflex, 360Forma, Gi Group, Personio. Nessun istituzionale, ma SERP satura di SaaS HR con domini forti. Related searches rivelano il filone sigle ('ROL significato', 'Rol busta paga dove si trova').","dataforseo_labs_google_keyword_overview (volume, monthly_searches, intento); dataforseo_labs_bulk_keyword_difficulty (KD); serp_organic_live_advanced (SERP)"
superminimo in busta paga,Leggere la busta paga,1300,0,informational,informazionale pura,febbraio,busta paga,SERP non controllata,"dataforseo_labs_google_keyword_overview (volume, monthly_searches, intento); dataforseo_labs_bulk_keyword_difficulty (KD)"
trattenute irpef,Leggere la busta paga,1300,0,informational,problema/sintomo,gennaio,calcolatore RAL,SERP non controllata,"dataforseo_labs_google_keyword_overview (volume, monthly_searches, intento); dataforseo_labs_bulk_keyword_difficulty (KD)"
controllo busta paga online gratis,Leggere la busta paga,720,0,informational,navigazionale,marzo,busta paga,SERP non controllata,"dataforseo_labs_google_keyword_overview (volume, monthly_searches, intento); dataforseo_labs_bulk_keyword_difficulty (KD)"
cos'è la contingenza in busta paga,Leggere la busta paga,590,0,informational,informazionale pura,marzo,busta paga,SERP non controllata,"dataforseo_labs_google_keyword_overview (volume, monthly_searches, intento); dataforseo_labs_bulk_keyword_difficulty (KD)"
controllare busta paga online,Leggere la busta paga,480,0,navigational,navigazionale,gennaio,busta paga,SERP non controllata,"dataforseo_labs_google_keyword_overview (volume, monthly_searches, intento); dataforseo_labs_bulk_keyword_difficulty (KD)"
controllare la busta paga,Leggere la busta paga,480,0,navigational,problema/sintomo,marzo,busta paga,SERP non controllata,"dataforseo_labs_google_keyword_overview (volume, monthly_searches, intento); dataforseo_labs_bulk_keyword_difficulty (KD)"
controllo busta paga,Leggere la busta paga,480,0,navigational,problema/sintomo,marzo,busta paga,SERP non controllata,"dataforseo_labs_google_keyword_overview (volume, monthly_searches, intento); dataforseo_labs_bulk_keyword_difficulty (KD)"
controllo busta paga online,Leggere la busta paga,480,0,navigational,navigazionale,gennaio,busta paga,SERP non controllata,"dataforseo_labs_google_keyword_overview (volume, monthly_searches, intento); dataforseo_labs_bulk_keyword_difficulty (KD)"
dove si vede il tfr in busta paga,Leggere la busta paga,480,0,informational,problema/sintomo,gennaio,busta paga,SERP non controllata,"dataforseo_labs_google_keyword_overview (volume, monthly_searches, intento); dataforseo_labs_bulk_keyword_difficulty (KD)"
conguaglio busta paga come si calcola,Leggere la busta paga,390,0,informational,informazionale con bisogno di calcolo,gennaio,busta paga,"AI Overview asincrono (presente). Organico: Confcommercio Lecco, Labor SpA, Zeta Service, MEM Informatica, NoiPA (istituzionale), Pictet, 4Stars, Laborability, Graber&Partner. SERP frammentata e di bassa qualita editoriale: opportunita concreta di fare meglio.","dataforseo_labs_google_keyword_overview (volume, monthly_searches, intento); dataforseo_labs_bulk_keyword_difficulty (KD); serp_organic_live_advanced (SERP)"
come leggere la busta paga inail,Leggere la busta paga,320,0,informational,problema/sintomo,gennaio,busta paga,SERP non controllata,"dataforseo_labs_google_keyword_overview (volume, monthly_searches, intento); dataforseo_labs_bulk_keyword_difficulty (KD)"
come leggere le ferie in busta paga,Leggere la busta paga,320,0,informational,problema/sintomo,ottobre,busta paga,SERP non controllata,"dataforseo_labs_google_keyword_overview (volume, monthly_searches, intento); dataforseo_labs_bulk_keyword_difficulty (KD)"
quando arriva il conguaglio in busta paga,Leggere la busta paga,260,0,informational,informazionale pura,gennaio,busta paga,SERP non controllata,"dataforseo_labs_google_keyword_overview (volume, monthly_searches, intento); dataforseo_labs_bulk_keyword_difficulty (KD)"
cos'è il conguaglio in busta paga,Leggere la busta paga,210,0,informational,informazionale pura,gennaio,busta paga,SERP non controllata,"dataforseo_labs_google_keyword_overview (volume, monthly_searches, intento); dataforseo_labs_bulk_keyword_difficulty (KD)"
dove trovo il ccnl in busta paga,Leggere la busta paga,210,0,informational,problema/sintomo,giugno,busta paga,SERP non controllata,"dataforseo_labs_google_keyword_overview (volume, monthly_searches, intento); dataforseo_labs_bulk_keyword_difficulty (KD)"
come si calcolano le trattenute in busta paga,Leggere la busta paga,140,0,informational,problema/sintomo,gennaio,busta paga,SERP non controllata,"dataforseo_labs_google_keyword_overview (volume, monthly_searches, intento); dataforseo_labs_bulk_keyword_difficulty (KD)"
verifica busta paga online,Leggere la busta paga,110,0,navigational,navigazionale,gennaio,busta paga,SERP non controllata,"dataforseo_labs_google_keyword_overview (volume, monthly_searches, intento); dataforseo_labs_bulk_keyword_difficulty (KD)"
dove si vede il conguaglio in busta paga,Leggere la busta paga,90,non disponibile,informational,problema/sintomo,gennaio,busta paga,SERP non controllata,"dataforseo_labs_google_keyword_overview (volume, monthly_searches, intento); dataforseo_labs_bulk_keyword_difficulty (KD)"
fringe benefit sogg busta paga cosa significa,Leggere la busta paga,90,0,informational,problema/sintomo,gennaio,busta paga,SERP non controllata,"dataforseo_labs_google_keyword_overview (volume, monthly_searches, intento); dataforseo_labs_bulk_keyword_difficulty (KD)"
busta paga differenza tra ore lavorate e ore retribuite,Leggere la busta paga,70,0,informational,problema/sintomo,novembre,busta paga,SERP non controllata,"dataforseo_labs_google_keyword_overview (volume, monthly_searches, intento); dataforseo_labs_bulk_keyword_difficulty (KD)"
come leggere ferie busta paga inail,Leggere la busta paga,50,non disponibile,informational,problema/sintomo,luglio,busta paga,SERP non controllata,"dataforseo_labs_google_keyword_overview (volume, monthly_searches, intento); dataforseo_labs_bulk_keyword_difficulty (KD)"
come leggere una busta paga pdf,Leggere la busta paga,50,6,informational,problema/sintomo,marzo,busta paga,SERP non controllata,"dataforseo_labs_google_keyword_overview (volume, monthly_searches, intento); dataforseo_labs_bulk_keyword_difficulty (KD)"
come funzionano le trattenute in busta paga,Leggere la busta paga,40,non disponibile,informational,problema/sintomo,gennaio,busta paga,SERP non controllata,"dataforseo_labs_google_keyword_overview (volume, monthly_searches, intento); dataforseo_labs_bulk_keyword_difficulty (KD)"
cosa sono le trattenute sociali in busta paga,Leggere la busta paga,40,non disponibile,informational,problema/sintomo,gennaio,busta paga,SERP non controllata,"dataforseo_labs_google_keyword_overview (volume, monthly_searches, intento); dataforseo_labs_bulk_keyword_difficulty (KD)"
perche ho tante trattenute in busta paga,Leggere la busta paga,40,non disponibile,informational,problema/sintomo,aprile,busta paga,SERP non controllata,"dataforseo_labs_google_keyword_overview (volume, monthly_searches, intento); dataforseo_labs_bulk_keyword_difficulty (KD)"
saldo ferie in busta paga cosa significa,Leggere la busta paga,30,non disponibile,informational,problema/sintomo,aprile,busta paga,SERP non controllata,"dataforseo_labs_google_keyword_overview (volume, monthly_searches, intento); dataforseo_labs_bulk_keyword_difficulty (KD)"
dove vedere i giorni lavorati in busta paga,Leggere la busta paga,20,non disponibile,informational,problema/sintomo,settembre,busta paga,SERP non controllata,"dataforseo_labs_google_keyword_overview (volume, monthly_searches, intento); dataforseo_labs_bulk_keyword_difficulty (KD)"
ferie godute in busta paga significato,Leggere la busta paga,20,non disponibile,informational,problema/sintomo,agosto,busta paga,SERP non controllata,"dataforseo_labs_google_keyword_overview (volume, monthly_searches, intento); dataforseo_labs_bulk_keyword_difficulty (KD)"
codice ccnl in busta paga c011 cosa significa,Leggere la busta paga,10,non disponibile,informational,problema/sintomo,agosto,busta paga,SERP non controllata,"dataforseo_labs_google_keyword_overview (volume, monthly_searches, intento); dataforseo_labs_bulk_keyword_difficulty (KD)"
come si calcolano le ferie in busta paga in ore,Leggere la busta paga,,non disponibile,informational,informazionale con bisogno di calcolo,non disponibile,busta paga,SERP non controllata,"dataforseo_labs_google_keyword_overview (volume, monthly_searches, intento); dataforseo_labs_bulk_keyword_difficulty (KD)"
calcolare stipendio netto,Dal lordo al netto (RAL),49500,20,informational,informazionale con bisogno di calcolo,gennaio,calcolatore RAL,SERP non controllata,"dataforseo_labs_google_keyword_overview (volume, monthly_searches, intento); dataforseo_labs_bulk_keyword_difficulty (KD)"
calcolatore stipendio netto,Dal lordo al netto (RAL),49500,20,informational,informazionale con bisogno di calcolo,gennaio,calcolatore RAL,SERP non controllata,"dataforseo_labs_google_keyword_overview (volume, monthly_searches, intento); dataforseo_labs_bulk_keyword_difficulty (KD)"
stipendio netto calcolo,Dal lordo al netto (RAL),49500,5,informational,informazionale con bisogno di calcolo,gennaio,calcolatore RAL,"NESSUN AI Overview. SERP composta al 100% da strumenti di calcolo: calcolastipendionetto.it, Coverflex, Stipendee, aPensione, calcolostipendionettoaffidabile.it, Graber&Partner, Jet HR, Quickfisco, Inaz, PMI.it. Non e una SERP da articolo di blog: Google vuole un calcolatore. Va aggredita con la pagina-strumento, non con un post.","dataforseo_labs_google_keyword_overview (volume, monthly_searches, intento); dataforseo_labs_bulk_keyword_difficulty (KD); serp_organic_live_advanced (SERP)"
stipendio netto lordo,Dal lordo al netto (RAL),14800,3,informational,informazionale con bisogno di calcolo,gennaio,calcolatore RAL,SERP non controllata,"dataforseo_labs_google_keyword_overview (volume, monthly_searches, intento); dataforseo_labs_bulk_keyword_difficulty (KD)"
calcolatore tfr,Dal lordo al netto (RAL),12100,0,informational,informazionale con bisogno di calcolo,ottobre,calcolatore RAL,SERP non controllata,"dataforseo_labs_google_keyword_overview (volume, monthly_searches, intento); dataforseo_labs_bulk_keyword_difficulty (KD)"
netto lordo,Dal lordo al netto (RAL),12100,3,informational,informazionale con bisogno di calcolo,novembre,calcolatore RAL,SERP non controllata,"dataforseo_labs_google_keyword_overview (volume, monthly_searches, intento); dataforseo_labs_bulk_keyword_difficulty (KD)"
calcolare netto da lordo,Dal lordo al netto (RAL),9900,3,informational,informazionale con bisogno di calcolo,marzo,calcolatore RAL,SERP non controllata,"dataforseo_labs_google_keyword_overview (volume, monthly_searches, intento); dataforseo_labs_bulk_keyword_difficulty (KD)"
calcolatore netto lordo,Dal lordo al netto (RAL),9900,3,informational,informazionale con bisogno di calcolo,marzo,calcolatore RAL,SERP non controllata,"dataforseo_labs_google_keyword_overview (volume, monthly_searches, intento); dataforseo_labs_bulk_keyword_difficulty (KD)"
calcolo lordo dal netto,Dal lordo al netto (RAL),9900,5,informational,informazionale con bisogno di calcolo,marzo,calcolatore RAL,SERP non controllata,"dataforseo_labs_google_keyword_overview (volume, monthly_searches, intento); dataforseo_labs_bulk_keyword_difficulty (KD)"
stipendi netto,Dal lordo al netto (RAL),9900,20,informational,informazionale con bisogno di calcolo,marzo,calcolatore RAL,SERP non controllata,"dataforseo_labs_google_keyword_overview (volume, monthly_searches, intento); dataforseo_labs_bulk_keyword_difficulty (KD)"
stipendio netto,Dal lordo al netto (RAL),9900,20,informational,informazionale con bisogno di calcolo,marzo,calcolatore RAL,SERP non controllata,"dataforseo_labs_google_keyword_overview (volume, monthly_searches, intento); dataforseo_labs_bulk_keyword_difficulty (KD)"
calcolare ral,Dal lordo al netto (RAL),8100,5,informational,informazionale con bisogno di calcolo,ottobre,calcolatore RAL,SERP non controllata,"dataforseo_labs_google_keyword_overview (volume, monthly_searches, intento); dataforseo_labs_bulk_keyword_difficulty (KD)"
calcolare stipendio netto da ral,Dal lordo al netto (RAL),8100,3,informational,informazionale con bisogno di calcolo,aprile,calcolatore RAL,SERP non controllata,"dataforseo_labs_google_keyword_overview (volume, monthly_searches, intento); dataforseo_labs_bulk_keyword_difficulty (KD)"
calcolatore ral,Dal lordo al netto (RAL),8100,20,informational,informazionale con bisogno di calcolo,ottobre,calcolatore RAL,SERP non controllata,"dataforseo_labs_google_keyword_overview (volume, monthly_searches, intento); dataforseo_labs_bulk_keyword_difficulty (KD)"
calcolatore stipendio netto da ral,Dal lordo al netto (RAL),8100,3,informational,informazionale con bisogno di calcolo,aprile,calcolatore RAL,SERP non controllata,"dataforseo_labs_google_keyword_overview (volume, monthly_searches, intento); dataforseo_labs_bulk_keyword_difficulty (KD)"
calcolo stipendio netto dalla ral,Dal lordo al netto (RAL),8100,3,transactional,informazionale con bisogno di calcolo,aprile,calcolatore RAL,SERP non controllata,"dataforseo_labs_google_keyword_overview (volume, monthly_searches, intento); dataforseo_labs_bulk_keyword_difficulty (KD)"
ral calcolo,Dal lordo al netto (RAL),8100,5,informational,informazionale con bisogno di calcolo,ottobre,calcolatore RAL,SERP non controllata,"dataforseo_labs_google_keyword_overview (volume, monthly_searches, intento); dataforseo_labs_bulk_keyword_difficulty (KD)"
calcolare netto da ral,Dal lordo al netto (RAL),6600,5,informational,informazionale con bisogno di calcolo,novembre,calcolatore RAL,SERP non controllata,"dataforseo_labs_google_keyword_overview (volume, monthly_searches, intento); dataforseo_labs_bulk_keyword_difficulty (KD)"
calcolatore naspi,Dal lordo al netto (RAL),6600,0,informational,informazionale con bisogno di calcolo,settembre,calcolatore RAL,SERP non controllata,"dataforseo_labs_google_keyword_overview (volume, monthly_searches, intento); dataforseo_labs_bulk_keyword_difficulty (KD)"
calcolatore netto da ral,Dal lordo al netto (RAL),6600,5,informational,informazionale con bisogno di calcolo,novembre,calcolatore RAL,SERP non controllata,"dataforseo_labs_google_keyword_overview (volume, monthly_searches, intento); dataforseo_labs_bulk_keyword_difficulty (KD)"
ral calcolo netto,Dal lordo al netto (RAL),6600,20,informational,informazionale con bisogno di calcolo,marzo,calcolatore RAL,SERP non controllata,"dataforseo_labs_google_keyword_overview (volume, monthly_searches, intento); dataforseo_labs_bulk_keyword_difficulty (KD)"
ral netto,Dal lordo al netto (RAL),6600,20,informational,informazionale con bisogno di calcolo,luglio,calcolatore RAL,SERP non controllata,"dataforseo_labs_google_keyword_overview (volume, monthly_searches, intento); dataforseo_labs_bulk_keyword_difficulty (KD)"
calcolare stipendio netto dal lordo,Dal lordo al netto (RAL),5400,3,informational,informazionale con bisogno di calcolo,marzo,calcolatore RAL,SERP non controllata,"dataforseo_labs_google_keyword_overview (volume, monthly_searches, intento); dataforseo_labs_bulk_keyword_difficulty (KD)"
calcolatore stipendio lordo netto,Dal lordo al netto (RAL),5400,16,informational,informazionale con bisogno di calcolo,marzo,calcolatore RAL,SERP non controllata,"dataforseo_labs_google_keyword_overview (volume, monthly_searches, intento); dataforseo_labs_bulk_keyword_difficulty (KD)"
calcolatore tredicesima,Dal lordo al netto (RAL),5400,0,informational,informazionale con bisogno di calcolo,dicembre,calcolatore RAL,SERP non controllata,"dataforseo_labs_google_keyword_overview (volume, monthly_searches, intento); dataforseo_labs_bulk_keyword_difficulty (KD)"
quanto guadagnano,Dal lordo al netto (RAL),5400,0,informational,informazionale con bisogno di calcolo,agosto,nessuno,SERP non controllata,"dataforseo_labs_google_keyword_overview (volume, monthly_searches, intento); dataforseo_labs_bulk_keyword_difficulty (KD)"
quanto guadagni,Dal lordo al netto (RAL),5400,8,informational,informazionale con bisogno di calcolo,agosto,nessuno,SERP non controllata,"dataforseo_labs_google_keyword_overview (volume, monthly_searches, intento); dataforseo_labs_bulk_keyword_difficulty (KD)"
stipendio netto lordo calcolo,Dal lordo al netto (RAL),5400,8,informational,informazionale con bisogno di calcolo,marzo,calcolatore RAL,SERP non controllata,"dataforseo_labs_google_keyword_overview (volume, monthly_searches, intento); dataforseo_labs_bulk_keyword_difficulty (KD)"
ral significato,Dal lordo al netto (RAL),4400,0,informational,problema/sintomo,marzo,calcolatore RAL,SERP non controllata,"dataforseo_labs_google_keyword_overview (volume, monthly_searches, intento); dataforseo_labs_bulk_keyword_difficulty (KD)"
ral cos'è,Dal lordo al netto (RAL),1900,0,informational,informazionale con bisogno di calcolo,luglio,calcolatore RAL,SERP non controllata,"dataforseo_labs_google_keyword_overview (volume, monthly_searches, intento); dataforseo_labs_bulk_keyword_difficulty (KD)"
differenza tra lordo e netto,Dal lordo al netto (RAL),1000,0,informational,problema/sintomo,gennaio,calcolatore RAL,SERP non controllata,"dataforseo_labs_google_keyword_overview (volume, monthly_searches, intento); dataforseo_labs_bulk_keyword_difficulty (KD)"
differenza tra stipendio lordo e netto,Dal lordo al netto (RAL),320,20,informational,problema/sintomo,ottobre,calcolatore RAL,SERP non controllata,"dataforseo_labs_google_keyword_overview (volume, monthly_searches, intento); dataforseo_labs_bulk_keyword_difficulty (KD)"
aumento metalmeccanici 2026,Aumenti e rinnovi contrattuali,6600,0,informational,informazionale pura,giugno,nessuno,SERP non controllata,"dataforseo_labs_google_keyword_overview (volume, monthly_searches, intento); dataforseo_labs_bulk_keyword_difficulty (KD)"
aumento metalmeccanici,Aumenti e rinnovi contrattuali,3600,0,informational,informazionale pura,novembre,nessuno,SERP non controllata,"dataforseo_labs_google_keyword_overview (volume, monthly_searches, intento); dataforseo_labs_bulk_keyword_difficulty (KD)"
aumento contratto metalmeccanico,Aumenti e rinnovi contrattuali,1900,0,informational,informazionale pura,novembre,nessuno,SERP non controllata,"dataforseo_labs_google_keyword_overview (volume, monthly_searches, intento); dataforseo_labs_bulk_keyword_difficulty (KD)"
aumento contratto commercio,Aumenti e rinnovi contrattuali,1600,0,informational,informazionale pura,novembre,nessuno,SERP non controllata,"dataforseo_labs_google_keyword_overview (volume, monthly_searches, intento); dataforseo_labs_bulk_keyword_difficulty (KD)"
aumento contrattuale commercio,Aumenti e rinnovi contrattuali,1600,0,informational,informazionale pura,novembre,nessuno,SERP non controllata,"dataforseo_labs_google_keyword_overview (volume, monthly_searches, intento); dataforseo_labs_bulk_keyword_difficulty (KD)"
aumento metalmeccanici giugno 2026,Aumenti e rinnovi contrattuali,720,0,commercial,informazionale pura,giugno,nessuno,SERP non controllata,"dataforseo_labs_google_keyword_overview (volume, monthly_searches, intento); dataforseo_labs_bulk_keyword_difficulty (KD)"
aumento contratto metalmeccanico 2026,Aumenti e rinnovi contrattuali,590,0,transactional,informazionale pura,giugno,nessuno,SERP non controllata,"dataforseo_labs_google_keyword_overview (volume, monthly_searches, intento); dataforseo_labs_bulk_keyword_difficulty (KD)"
aumento stipendi metalmeccanici,Aumenti e rinnovi contrattuali,390,0,informational,informazionale pura,novembre,nessuno,SERP non controllata,"dataforseo_labs_google_keyword_overview (volume, monthly_searches, intento); dataforseo_labs_bulk_keyword_difficulty (KD)"
aumento stipendi oss 2026,Aumenti e rinnovi contrattuali,320,0,informational,informazionale pura,luglio,nessuno,SERP non controllata,"dataforseo_labs_google_keyword_overview (volume, monthly_searches, intento); dataforseo_labs_bulk_keyword_difficulty (KD)"
aumento stipendio oss 2026,Aumenti e rinnovi contrattuali,320,0,transactional,informazionale con bisogno di calcolo,luglio,calcolatore RAL,SERP non controllata,"dataforseo_labs_google_keyword_overview (volume, monthly_searches, intento); dataforseo_labs_bulk_keyword_difficulty (KD)"
aumento stipendi 2025,Aumenti e rinnovi contrattuali,260,0,informational,informazionale pura,settembre,nessuno,SERP non controllata,"dataforseo_labs_google_keyword_overview (volume, monthly_searches, intento); dataforseo_labs_bulk_keyword_difficulty (KD)"
aumento stipendi metalmeccanici 2026,Aumenti e rinnovi contrattuali,210,0,commercial,informazionale pura,novembre,nessuno,SERP non controllata,"dataforseo_labs_google_keyword_overview (volume, monthly_searches, intento); dataforseo_labs_bulk_keyword_difficulty (KD)"
aumento stipendio metalmeccanici 2026,Aumenti e rinnovi contrattuali,170,0,commercial,informazionale con bisogno di calcolo,giugno,calcolatore RAL,SERP non controllata,"dataforseo_labs_google_keyword_overview (volume, monthly_searches, intento); dataforseo_labs_bulk_keyword_difficulty (KD)"
prossimo aumento metalmeccanici,Aumenti e rinnovi contrattuali,170,0,informational,informazionale pura,maggio,nessuno,SERP non controllata,"dataforseo_labs_google_keyword_overview (volume, monthly_searches, intento); dataforseo_labs_bulk_keyword_difficulty (KD)"
aumento stipendio cooperative sociali 2026,Aumenti e rinnovi contrattuali,140,0,commercial,informazionale con bisogno di calcolo,maggio,calcolatore RAL,SERP non controllata,"dataforseo_labs_google_keyword_overview (volume, monthly_searches, intento); dataforseo_labs_bulk_keyword_difficulty (KD)"
aumento stipendio servizi fiduciari 2025,Aumenti e rinnovi contrattuali,70,0,informational,informazionale con bisogno di calcolo,dicembre,calcolatore RAL,SERP non controllata,"dataforseo_labs_google_keyword_overview (volume, monthly_searches, intento); dataforseo_labs_bulk_keyword_difficulty (KD)"
contratto collettivo nazionale,"CCNL, livelli e scatti",49500,39,informational,informazionale pura,novembre,nessuno,SERP non controllata,"dataforseo_labs_google_keyword_overview (volume, monthly_searches, intento); dataforseo_labs_bulk_keyword_difficulty (KD)"
contratto collettivo nazionale di lavoro,"CCNL, livelli e scatti",49500,14,informational,informazionale pura,novembre,nessuno,SERP non controllata,"dataforseo_labs_google_keyword_overview (volume, monthly_searches, intento); dataforseo_labs_bulk_keyword_difficulty (KD)"
contratto collettivo nazionale metalmeccanici,"CCNL, livelli e scatti",27100,0,informational,informazionale pura,novembre,nessuno,SERP non controllata,"dataforseo_labs_google_keyword_overview (volume, monthly_searches, intento); dataforseo_labs_bulk_keyword_difficulty (KD)"
metalmeccanico ccnl,"CCNL, livelli e scatti",27100,0,navigational,informazionale pura,novembre,nessuno,SERP non controllata,"dataforseo_labs_google_keyword_overview (volume, monthly_searches, intento); dataforseo_labs_bulk_keyword_difficulty (KD)"
commercio ccnl,"CCNL, livelli e scatti",18100,2,navigational,informazionale pura,marzo,nessuno,SERP non controllata,"dataforseo_labs_google_keyword_overview (volume, monthly_searches, intento); dataforseo_labs_bulk_keyword_difficulty (KD)"
contratto collettivo nazionale commercio,"CCNL, livelli e scatti",18100,5,informational,informazionale pura,marzo,nessuno,SERP non controllata,"dataforseo_labs_google_keyword_overview (volume, monthly_searches, intento); dataforseo_labs_bulk_keyword_difficulty (KD)"
metalmeccanica industria ccnl,"CCNL, livelli e scatti",8100,0,navigational,informazionale pura,novembre,nessuno,SERP non controllata,"dataforseo_labs_google_keyword_overview (volume, monthly_searches, intento); dataforseo_labs_bulk_keyword_difficulty (KD)"
tabelle retributive ccnl commercio,"CCNL, livelli e scatti",8100,0,informational,informazionale pura,novembre,nessuno,SERP non controllata,"dataforseo_labs_google_keyword_overview (volume, monthly_searches, intento); dataforseo_labs_bulk_keyword_difficulty (KD)"
livello contratto metalmeccanico,"CCNL, livelli e scatti",6600,0,informational,informazionale pura,novembre,nessuno,SERP non controllata,"dataforseo_labs_google_keyword_overview (volume, monthly_searches, intento); dataforseo_labs_bulk_keyword_difficulty (KD)"
livello contrattuale metalmeccanico,"CCNL, livelli e scatti",6600,0,transactional,informazionale pura,novembre,nessuno,SERP non controllata,"dataforseo_labs_google_keyword_overview (volume, monthly_searches, intento); dataforseo_labs_bulk_keyword_difficulty (KD)"
rinnovo ccnl metalmeccanici,"CCNL, livelli e scatti",6600,0,informational,informazionale pura,novembre,nessuno,SERP non controllata,"dataforseo_labs_google_keyword_overview (volume, monthly_searches, intento); dataforseo_labs_bulk_keyword_difficulty (KD)"
ccnl coop sociali,"CCNL, livelli e scatti",5400,0,navigational,informazionale pura,ottobre,nessuno,SERP non controllata,"dataforseo_labs_google_keyword_overview (volume, monthly_searches, intento); dataforseo_labs_bulk_keyword_difficulty (KD)"
contratto collettivo nazionale cooperative sociali,"CCNL, livelli e scatti",5400,0,informational,informazionale pura,ottobre,nessuno,SERP non controllata,"dataforseo_labs_google_keyword_overview (volume, monthly_searches, intento); dataforseo_labs_bulk_keyword_difficulty (KD)"
cooperative sociali ccnl,"CCNL, livelli e scatti",5400,0,navigational,informazionale pura,ottobre,nessuno,SERP non controllata,"dataforseo_labs_google_keyword_overview (volume, monthly_searches, intento); dataforseo_labs_bulk_keyword_difficulty (KD)"
livello ccnl metalmeccanico,"CCNL, livelli e scatti",5400,0,informational,informazionale pura,marzo,nessuno,SERP non controllata,"dataforseo_labs_google_keyword_overview (volume, monthly_searches, intento); dataforseo_labs_bulk_keyword_difficulty (KD)"
scatto di anzianità,"CCNL, livelli e scatti",5400,0,informational,informazionale pura,marzo,nessuno,SERP non controllata,"dataforseo_labs_google_keyword_overview (volume, monthly_searches, intento); dataforseo_labs_bulk_keyword_difficulty (KD)"
studi professionali ccnl,"CCNL, livelli e scatti",5400,0,informational,informazionale pura,marzo,nessuno,SERP non controllata,"dataforseo_labs_google_keyword_overview (volume, monthly_searches, intento); dataforseo_labs_bulk_keyword_difficulty (KD)"
livello metalmeccanico,"CCNL, livelli e scatti",4400,0,informational,informazionale pura,novembre,nessuno,SERP non controllata,"dataforseo_labs_google_keyword_overview (volume, monthly_searches, intento); dataforseo_labs_bulk_keyword_difficulty (KD)"
ccnl dei bancari,"CCNL, livelli e scatti",3600,0,navigational,informazionale pura,luglio,nessuno,SERP non controllata,"dataforseo_labs_google_keyword_overview (volume, monthly_searches, intento); dataforseo_labs_bulk_keyword_difficulty (KD)"
ccnl industria alimentare,"CCNL, livelli e scatti",3600,0,navigational,informazionale pura,marzo,nessuno,SERP non controllata,"dataforseo_labs_google_keyword_overview (volume, monthly_searches, intento); dataforseo_labs_bulk_keyword_difficulty (KD)"
ccnl metalmeccanico artigianato,"CCNL, livelli e scatti",3600,0,navigational,informazionale pura,novembre,nessuno,SERP non controllata,"dataforseo_labs_google_keyword_overview (volume, monthly_searches, intento); dataforseo_labs_bulk_keyword_difficulty (KD)"
ccnl trasporti e logistica,"CCNL, livelli e scatti",3600,0,navigational,informazionale pura,aprile,nessuno,SERP non controllata,"dataforseo_labs_google_keyword_overview (volume, monthly_searches, intento); dataforseo_labs_bulk_keyword_difficulty (KD)"
livello ccnl commercio,"CCNL, livelli e scatti",3600,0,informational,informazionale pura,marzo,nessuno,SERP non controllata,"dataforseo_labs_google_keyword_overview (volume, monthly_searches, intento); dataforseo_labs_bulk_keyword_difficulty (KD)"
metalmeccanici artigiani ccnl,"CCNL, livelli e scatti",3600,0,navigational,informazionale pura,novembre,nessuno,SERP non controllata,"dataforseo_labs_google_keyword_overview (volume, monthly_searches, intento); dataforseo_labs_bulk_keyword_difficulty (KD)"
ccnl applicato dove lo trovo,"CCNL, livelli e scatti",210,6,informational,problema/sintomo,luglio,nessuno,SERP non controllata,"dataforseo_labs_google_keyword_overview (volume, monthly_searches, intento); dataforseo_labs_bulk_keyword_difficulty (KD)"
quanti scatti di anzianità ci sono,"CCNL, livelli e scatti",210,0,informational,informazionale pura,marzo,nessuno,SERP non controllata,"dataforseo_labs_google_keyword_overview (volume, monthly_searches, intento); dataforseo_labs_bulk_keyword_difficulty (KD)"
ccnl dove lo trovo,"CCNL, livelli e scatti",140,13,navigational,problema/sintomo,gennaio,nessuno,SERP non controllata,"dataforseo_labs_google_keyword_overview (volume, monthly_searches, intento); dataforseo_labs_bulk_keyword_difficulty (KD)"
differenza tra scatto di anzianità e livello,"CCNL, livelli e scatti",140,0,informational,problema/sintomo,gennaio,nessuno,SERP non controllata,"dataforseo_labs_google_keyword_overview (volume, monthly_searches, intento); dataforseo_labs_bulk_keyword_difficulty (KD)"
quanti scatti di anzianità si possono avere,"CCNL, livelli e scatti",110,0,informational,informazionale pura,ottobre,nessuno,SERP non controllata,"dataforseo_labs_google_keyword_overview (volume, monthly_searches, intento); dataforseo_labs_bulk_keyword_difficulty (KD)"
verifica codice ccnl,"CCNL, livelli e scatti",,non disponibile,informational,problema/sintomo,non disponibile,nessuno,SERP non controllata,"dataforseo_labs_google_keyword_overview (volume, monthly_searches, intento); dataforseo_labs_bulk_keyword_difficulty (KD)"
part-time,Part time e apprendistato,12100,0,informational,informazionale pura,settembre,nessuno,SERP non controllata,"dataforseo_labs_google_keyword_overview (volume, monthly_searches, intento); dataforseo_labs_bulk_keyword_difficulty (KD)"
apprendistato,Part time e apprendistato,8100,0,informational,informazionale pura,marzo,nessuno,SERP non controllata,"dataforseo_labs_google_keyword_overview (volume, monthly_searches, intento); dataforseo_labs_bulk_keyword_difficulty (KD)"
contratto di apprendistato,Part time e apprendistato,8100,0,informational,informazionale pura,settembre,nessuno,SERP non controllata,"dataforseo_labs_google_keyword_overview (volume, monthly_searches, intento); dataforseo_labs_bulk_keyword_difficulty (KD)"
part time lavoro,Part time e apprendistato,8100,0,informational,informazionale pura,settembre,nessuno,SERP non controllata,"dataforseo_labs_google_keyword_overview (volume, monthly_searches, intento); dataforseo_labs_bulk_keyword_difficulty (KD)"
part-time verticale,Part time e apprendistato,5400,0,commercial,informazionale pura,settembre,nessuno,SERP non controllata,"dataforseo_labs_google_keyword_overview (volume, monthly_searches, intento); dataforseo_labs_bulk_keyword_difficulty (KD)"
part-time orizzontale,Part time e apprendistato,4400,0,informational,informazionale pura,marzo,nessuno,SERP non controllata,"dataforseo_labs_google_keyword_overview (volume, monthly_searches, intento); dataforseo_labs_bulk_keyword_difficulty (KD)"
part-time contratto,Part time e apprendistato,2400,0,informational,informazionale pura,settembre,nessuno,SERP non controllata,"dataforseo_labs_google_keyword_overview (volume, monthly_searches, intento); dataforseo_labs_bulk_keyword_difficulty (KD)"
part time lavoro bologna,Part time e apprendistato,1900,0,transactional,informazionale pura,settembre,nessuno,SERP non controllata,"dataforseo_labs_google_keyword_overview (volume, monthly_searches, intento); dataforseo_labs_bulk_keyword_difficulty (KD)"
stipendio di apprendistato,Part time e apprendistato,1900,0,informational,informazionale con bisogno di calcolo,settembre,calcolatore RAL,SERP non controllata,"dataforseo_labs_google_keyword_overview (volume, monthly_searches, intento); dataforseo_labs_bulk_keyword_difficulty (KD)"
apprendistato significato,Part time e apprendistato,720,5,informational,problema/sintomo,marzo,nessuno,SERP non controllata,"dataforseo_labs_google_keyword_overview (volume, monthly_searches, intento); dataforseo_labs_bulk_keyword_difficulty (KD)"
contratto apprendistato: come funziona,Part time e apprendistato,480,0,informational,informazionale pura,aprile,nessuno,SERP non controllata,"dataforseo_labs_google_keyword_overview (volume, monthly_searches, intento); dataforseo_labs_bulk_keyword_difficulty (KD)"
apprendistato quanto dura,Part time e apprendistato,320,0,informational,informazionale con bisogno di calcolo,febbraio,nessuno,SERP non controllata,"dataforseo_labs_google_keyword_overview (volume, monthly_searches, intento); dataforseo_labs_bulk_keyword_difficulty (KD)"
apprendistato: come funziona,Part time e apprendistato,320,0,informational,informazionale pura,settembre,nessuno,SERP non controllata,"dataforseo_labs_google_keyword_overview (volume, monthly_searches, intento); dataforseo_labs_bulk_keyword_difficulty (KD)"
contratto apprendistato quanto dura,Part time e apprendistato,260,0,informational,informazionale con bisogno di calcolo,aprile,nessuno,SERP non controllata,"dataforseo_labs_google_keyword_overview (volume, monthly_searches, intento); dataforseo_labs_bulk_keyword_difficulty (KD)"
naspi inps,Contributi INPS e imponibili,49500,18,informational,navigazionale,luglio,nessuno,SERP non controllata,"dataforseo_labs_google_keyword_overview (volume, monthly_searches, intento); dataforseo_labs_bulk_keyword_difficulty (KD)"
contributi inps,Contributi INPS e imponibili,12100,19,informational,navigazionale,marzo,nessuno,SERP non controllata,"dataforseo_labs_google_keyword_overview (volume, monthly_searches, intento); dataforseo_labs_bulk_keyword_difficulty (KD)"
inps pagamento naspi,Contributi INPS e imponibili,12100,16,informational,navigazionale,gennaio,nessuno,SERP non controllata,"dataforseo_labs_google_keyword_overview (volume, monthly_searches, intento); dataforseo_labs_bulk_keyword_difficulty (KD)"
estratto conto inps contributi,Contributi INPS e imponibili,8100,0,informational,navigazionale,marzo,nessuno,SERP non controllata,"dataforseo_labs_google_keyword_overview (volume, monthly_searches, intento); dataforseo_labs_bulk_keyword_difficulty (KD)"
estratto contributi inps,Contributi INPS e imponibili,8100,0,transactional,navigazionale,marzo,nessuno,SERP non controllata,"dataforseo_labs_google_keyword_overview (volume, monthly_searches, intento); dataforseo_labs_bulk_keyword_difficulty (KD)"
inps contributi versati,Contributi INPS e imponibili,8100,0,informational,navigazionale,gennaio,nessuno,SERP non controllata,"dataforseo_labs_google_keyword_overview (volume, monthly_searches, intento); dataforseo_labs_bulk_keyword_difficulty (KD)"
inps-dimissioni volontarie,Contributi INPS e imponibili,8100,0,informational,navigazionale,dicembre,nessuno,SERP non controllata,"dataforseo_labs_google_keyword_overview (volume, monthly_searches, intento); dataforseo_labs_bulk_keyword_difficulty (KD)"
maternità inps,Contributi INPS e imponibili,8100,0,informational,navigazionale,ottobre,busta paga,SERP non controllata,"dataforseo_labs_google_keyword_overview (volume, monthly_searches, intento); dataforseo_labs_bulk_keyword_difficulty (KD)"
tfr inps,Contributi INPS e imponibili,6600,9,informational,navigazionale,luglio,calcolatore RAL,SERP non controllata,"dataforseo_labs_google_keyword_overview (volume, monthly_searches, intento); dataforseo_labs_bulk_keyword_difficulty (KD)"
inps fascicolo previdenziale del cittadino pagamenti naspi,Contributi INPS e imponibili,5400,18,navigational,navigazionale,agosto,nessuno,SERP non controllata,"dataforseo_labs_google_keyword_overview (volume, monthly_searches, intento); dataforseo_labs_bulk_keyword_difficulty (KD)"
inps-dimissioni,Contributi INPS e imponibili,5400,0,informational,navigazionale,settembre,nessuno,SERP non controllata,"dataforseo_labs_google_keyword_overview (volume, monthly_searches, intento); dataforseo_labs_bulk_keyword_difficulty (KD)"
inps congedo maternità,Contributi INPS e imponibili,2900,7,informational,navigazionale,luglio,busta paga,SERP non controllata,"dataforseo_labs_google_keyword_overview (volume, monthly_searches, intento); dataforseo_labs_bulk_keyword_difficulty (KD)"
maternità obbligatoria inps,Contributi INPS e imponibili,2900,0,informational,navigazionale,febbraio,busta paga,SERP non controllata,"dataforseo_labs_google_keyword_overview (volume, monthly_searches, intento); dataforseo_labs_bulk_keyword_difficulty (KD)"
verifica contributi inps,Contributi INPS e imponibili,1900,0,informational,navigazionale,gennaio,nessuno,SERP non controllata,"dataforseo_labs_google_keyword_overview (volume, monthly_searches, intento); dataforseo_labs_bulk_keyword_difficulty (KD)"
verificare contributi inps,Contributi INPS e imponibili,1900,0,informational,navigazionale,gennaio,nessuno,SERP non controllata,"dataforseo_labs_google_keyword_overview (volume, monthly_searches, intento); dataforseo_labs_bulk_keyword_difficulty (KD)"
controllo contributi inps,Contributi INPS e imponibili,1600,0,informational,navigazionale,marzo,busta paga,SERP non controllata,"dataforseo_labs_google_keyword_overview (volume, monthly_searches, intento); dataforseo_labs_bulk_keyword_difficulty (KD)"
inps controllare contributi,Contributi INPS e imponibili,1600,10,navigational,navigazionale,marzo,busta paga,SERP non controllata,"dataforseo_labs_google_keyword_overview (volume, monthly_searches, intento); dataforseo_labs_bulk_keyword_difficulty (KD)"
verifica contributi inps con spid,Contributi INPS e imponibili,880,0,informational,navigazionale,marzo,nessuno,SERP non controllata,"dataforseo_labs_google_keyword_overview (volume, monthly_searches, intento); dataforseo_labs_bulk_keyword_difficulty (KD)"
dove trovare le buste paga sul sito inps,Contributi INPS e imponibili,720,7,navigational,navigazionale,gennaio,nessuno,SERP non controllata,"dataforseo_labs_google_keyword_overview (volume, monthly_searches, intento); dataforseo_labs_bulk_keyword_difficulty (KD)"
verifica contributi inps versati,Contributi INPS e imponibili,390,0,informational,navigazionale,marzo,nessuno,SERP non controllata,"dataforseo_labs_google_keyword_overview (volume, monthly_searches, intento); dataforseo_labs_bulk_keyword_difficulty (KD)"
controllare contributi versati inps,Contributi INPS e imponibili,320,0,informational,navigazionale,marzo,busta paga,SERP non controllata,"dataforseo_labs_google_keyword_overview (volume, monthly_searches, intento); dataforseo_labs_bulk_keyword_difficulty (KD)"
controllo versamento contributi inps,Contributi INPS e imponibili,320,0,informational,navigazionale,marzo,busta paga,SERP non controllata,"dataforseo_labs_google_keyword_overview (volume, monthly_searches, intento); dataforseo_labs_bulk_keyword_difficulty (KD)"
come si calcolano i contributi inps,Contributi INPS e imponibili,210,0,informational,informazionale con bisogno di calcolo,gennaio,nessuno,SERP non controllata,"dataforseo_labs_google_keyword_overview (volume, monthly_searches, intento); dataforseo_labs_bulk_keyword_difficulty (KD)"
estratto conto inps mancano contributi,Contributi INPS e imponibili,210,0,informational,navigazionale,marzo,nessuno,SERP non controllata,"dataforseo_labs_google_keyword_overview (volume, monthly_searches, intento); dataforseo_labs_bulk_keyword_difficulty (KD)"
naspi,Fine rapporto e NASpI,135000,16,informational,informazionale pura,luglio,nessuno,SERP non controllata,"dataforseo_labs_google_keyword_overview (volume, monthly_searches, intento); dataforseo_labs_bulk_keyword_difficulty (KD)"
dimissioni volontarie,Fine rapporto e NASpI,90500,0,informational,informazionale pura,luglio,nessuno,SERP non controllata,"dataforseo_labs_google_keyword_overview (volume, monthly_searches, intento); dataforseo_labs_bulk_keyword_difficulty (KD)"
licenziamento,Fine rapporto e NASpI,74000,0,informational,informazionale pura,febbraio,nessuno,SERP non controllata,"dataforseo_labs_google_keyword_overview (volume, monthly_searches, intento); dataforseo_labs_bulk_keyword_difficulty (KD)"
dimissioni online,Fine rapporto e NASpI,22200,7,informational,navigazionale,ottobre,nessuno,SERP non controllata,"dataforseo_labs_google_keyword_overview (volume, monthly_searches, intento); dataforseo_labs_bulk_keyword_difficulty (KD)"
pagamento naspi,Fine rapporto e NASpI,22200,17,commercial,informazionale pura,gennaio,nessuno,SERP non controllata,"dataforseo_labs_google_keyword_overview (volume, monthly_searches, intento); dataforseo_labs_bulk_keyword_difficulty (KD)"
dimissioni,Fine rapporto e NASpI,14800,12,informational,informazionale pura,marzo,nessuno,SERP non controllata,"dataforseo_labs_google_keyword_overview (volume, monthly_searches, intento); dataforseo_labs_bulk_keyword_difficulty (KD)"
naspi: come funziona,Fine rapporto e NASpI,14800,13,informational,informazionale pura,luglio,nessuno,SERP non controllata,"dataforseo_labs_google_keyword_overview (volume, monthly_searches, intento); dataforseo_labs_bulk_keyword_difficulty (KD)"
dimissioni volontarie online,Fine rapporto e NASpI,9900,8,informational,navigazionale,luglio,nessuno,SERP non controllata,"dataforseo_labs_google_keyword_overview (volume, monthly_searches, intento); dataforseo_labs_bulk_keyword_difficulty (KD)"
licenziamento per giusta causa,Fine rapporto e NASpI,9900,0,informational,informazionale pura,settembre,nessuno,SERP non controllata,"dataforseo_labs_google_keyword_overview (volume, monthly_searches, intento); dataforseo_labs_bulk_keyword_difficulty (KD)"
dimissioni per giusta causa,Fine rapporto e NASpI,8100,0,informational,informazionale pura,settembre,nessuno,SERP non controllata,"dataforseo_labs_google_keyword_overview (volume, monthly_searches, intento); dataforseo_labs_bulk_keyword_difficulty (KD)"
disoccupato naspi,Fine rapporto e NASpI,8100,1,informational,informazionale pura,ottobre,nessuno,SERP non controllata,"dataforseo_labs_google_keyword_overview (volume, monthly_searches, intento); dataforseo_labs_bulk_keyword_difficulty (KD)"
naspi cos'è,Fine rapporto e NASpI,8100,2,informational,informazionale pura,aprile,nessuno,SERP non controllata,"dataforseo_labs_google_keyword_overview (volume, monthly_searches, intento); dataforseo_labs_bulk_keyword_difficulty (KD)"
naspi disoccupazione,Fine rapporto e NASpI,8100,1,informational,informazionale pura,ottobre,nessuno,SERP non controllata,"dataforseo_labs_google_keyword_overview (volume, monthly_searches, intento); dataforseo_labs_bulk_keyword_difficulty (KD)"
preavviso per dimissioni,Fine rapporto e NASpI,8100,0,informational,informazionale pura,marzo,nessuno,SERP non controllata,"dataforseo_labs_google_keyword_overview (volume, monthly_searches, intento); dataforseo_labs_bulk_keyword_difficulty (KD)"
quanto dura la naspi,Fine rapporto e NASpI,8100,0,informational,informazionale con bisogno di calcolo,gennaio,nessuno,SERP non controllata,"dataforseo_labs_google_keyword_overview (volume, monthly_searches, intento); dataforseo_labs_bulk_keyword_difficulty (KD)"
calcolare naspi,Fine rapporto e NASpI,6600,0,informational,informazionale con bisogno di calcolo,settembre,calcolatore RAL,SERP non controllata,"dataforseo_labs_google_keyword_overview (volume, monthly_searches, intento); dataforseo_labs_bulk_keyword_difficulty (KD)"
come dare le dimissioni,Fine rapporto e NASpI,6600,10,informational,informazionale pura,settembre,nessuno,SERP non controllata,"dataforseo_labs_google_keyword_overview (volume, monthly_searches, intento); dataforseo_labs_bulk_keyword_difficulty (KD)"
domande naspi,Fine rapporto e NASpI,6600,0,informational,informazionale pura,luglio,nessuno,SERP non controllata,"dataforseo_labs_google_keyword_overview (volume, monthly_searches, intento); dataforseo_labs_bulk_keyword_difficulty (KD)"
naspi calcolo,Fine rapporto e NASpI,6600,0,informational,informazionale con bisogno di calcolo,settembre,calcolatore RAL,SERP non controllata,"dataforseo_labs_google_keyword_overview (volume, monthly_searches, intento); dataforseo_labs_bulk_keyword_difficulty (KD)"
naspi gennaio 2026,Fine rapporto e NASpI,5400,0,transactional,informazionale pura,gennaio,nessuno,SERP non controllata,"dataforseo_labs_google_keyword_overview (volume, monthly_searches, intento); dataforseo_labs_bulk_keyword_difficulty (KD)"
naspi dicembre 2025: quando arriva,Fine rapporto e NASpI,2900,0,commercial,informazionale pura,novembre,nessuno,SERP non controllata,"dataforseo_labs_google_keyword_overview (volume, monthly_searches, intento); dataforseo_labs_bulk_keyword_difficulty (KD)"
naspi gennaio 2026 quando arriva,Fine rapporto e NASpI,2400,0,informational,informazionale pura,gennaio,nessuno,SERP non controllata,"dataforseo_labs_google_keyword_overview (volume, monthly_searches, intento); dataforseo_labs_bulk_keyword_difficulty (KD)"
naspi quando arriva il primo pagamento,Fine rapporto e NASpI,1900,0,informational,informazionale pura,ottobre,nessuno,SERP non controllata,"dataforseo_labs_google_keyword_overview (volume, monthly_searches, intento); dataforseo_labs_bulk_keyword_difficulty (KD)"
come vedere quanti giorni di naspi mi rimangono,Fine rapporto e NASpI,1600,0,informational,problema/sintomo,ottobre,nessuno,SERP non controllata,"dataforseo_labs_google_keyword_overview (volume, monthly_searches, intento); dataforseo_labs_bulk_keyword_difficulty (KD)"
indennità per mancato preavviso,Fine rapporto e NASpI,1600,0,informational,problema/sintomo,luglio,nessuno,SERP non controllata,"dataforseo_labs_google_keyword_overview (volume, monthly_searches, intento); dataforseo_labs_bulk_keyword_difficulty (KD)"
naspi significato,Fine rapporto e NASpI,1600,0,informational,problema/sintomo,giugno,nessuno,SERP non controllata,"dataforseo_labs_google_keyword_overview (volume, monthly_searches, intento); dataforseo_labs_bulk_keyword_difficulty (KD)"
quando arriva la naspi,Fine rapporto e NASpI,1600,0,informational,informazionale pura,luglio,nessuno,SERP non controllata,"dataforseo_labs_google_keyword_overview (volume, monthly_searches, intento); dataforseo_labs_bulk_keyword_difficulty (KD)"
mancato preavviso dimissioni,Fine rapporto e NASpI,720,0,informational,problema/sintomo,ottobre,nessuno,SERP non controllata,"dataforseo_labs_google_keyword_overview (volume, monthly_searches, intento); dataforseo_labs_bulk_keyword_difficulty (KD)"
quanti giorni di preavviso per dimissioni,Fine rapporto e NASpI,720,non disponibile,informational,problema/sintomo,gennaio,nessuno,SERP non controllata,"dataforseo_labs_google_keyword_overview (volume, monthly_searches, intento); dataforseo_labs_bulk_keyword_difficulty (KD)"
aliquote irpef 2025,"IRPEF, detrazioni e conguaglio",40500,0,informational,informazionale con bisogno di calcolo,ottobre,calcolatore RAL,SERP non controllata,"dataforseo_labs_google_keyword_overview (volume, monthly_searches, intento); dataforseo_labs_bulk_keyword_difficulty (KD)"
aliquote irpef 2026,"IRPEF, detrazioni e conguaglio",40500,0,informational,informazionale con bisogno di calcolo,giugno,calcolatore RAL,SERP non controllata,"dataforseo_labs_google_keyword_overview (volume, monthly_searches, intento); dataforseo_labs_bulk_keyword_difficulty (KD)"
irpef,"IRPEF, detrazioni e conguaglio",40500,13,informational,informazionale pura,ottobre,calcolatore RAL,SERP non controllata,"dataforseo_labs_google_keyword_overview (volume, monthly_searches, intento); dataforseo_labs_bulk_keyword_difficulty (KD)"
scaglioni irpef 2025,"IRPEF, detrazioni e conguaglio",40500,0,informational,informazionale con bisogno di calcolo,dicembre,calcolatore RAL,SERP non controllata,"dataforseo_labs_google_keyword_overview (volume, monthly_searches, intento); dataforseo_labs_bulk_keyword_difficulty (KD)"
scaglioni irpef 2026,"IRPEF, detrazioni e conguaglio",40500,0,informational,informazionale con bisogno di calcolo,giugno,calcolatore RAL,"AI Overview in pos.1 che cita Agenzia Entrate. Organico: FiscoeTasse, Agenzia delle Entrate (pos.2 organico), Costantino&Partners, Raisin, SoluzioneTasse, Ipsoa, geo-badge, tot.money. SERP semi-istituzionale: l'Agenzia delle Entrate presidia la definizione. KD basso ingannevole.","dataforseo_labs_google_keyword_overview (volume, monthly_searches, intento); dataforseo_labs_bulk_keyword_difficulty (KD); serp_organic_live_advanced (SERP)"
scaglioni irpef,"IRPEF, detrazioni e conguaglio",27100,4,informational,informazionale con bisogno di calcolo,novembre,calcolatore RAL,SERP non controllata,"dataforseo_labs_google_keyword_overview (volume, monthly_searches, intento); dataforseo_labs_bulk_keyword_difficulty (KD)"
detrazioni fiscali,"IRPEF, detrazioni e conguaglio",22200,6,informational,informazionale pura,aprile,calcolatore RAL,SERP non controllata,"dataforseo_labs_google_keyword_overview (volume, monthly_searches, intento); dataforseo_labs_bulk_keyword_difficulty (KD)"
trattamento integrativo,"IRPEF, detrazioni e conguaglio",18100,0,informational,informazionale pura,gennaio,nessuno,SERP non controllata,"dataforseo_labs_google_keyword_overview (volume, monthly_searches, intento); dataforseo_labs_bulk_keyword_difficulty (KD)"
aliquota irpef,"IRPEF, detrazioni e conguaglio",14800,8,informational,informazionale con bisogno di calcolo,novembre,calcolatore RAL,SERP non controllata,"dataforseo_labs_google_keyword_overview (volume, monthly_searches, intento); dataforseo_labs_bulk_keyword_difficulty (KD)"
irpef 2026,"IRPEF, detrazioni e conguaglio",14800,0,informational,informazionale pura,dicembre,calcolatore RAL,SERP non controllata,"dataforseo_labs_google_keyword_overview (volume, monthly_searches, intento); dataforseo_labs_bulk_keyword_difficulty (KD)"
irpef: cos'è,"IRPEF, detrazioni e conguaglio",14800,0,informational,informazionale pura,ottobre,calcolatore RAL,SERP non controllata,"dataforseo_labs_google_keyword_overview (volume, monthly_searches, intento); dataforseo_labs_bulk_keyword_difficulty (KD)"
taglio irpef,"IRPEF, detrazioni e conguaglio",14800,0,informational,informazionale pura,ottobre,calcolatore RAL,SERP non controllata,"dataforseo_labs_google_keyword_overview (volume, monthly_searches, intento); dataforseo_labs_bulk_keyword_difficulty (KD)"
bonus renzi,"IRPEF, detrazioni e conguaglio",12100,0,informational,informazionale pura,marzo,nessuno,SERP non controllata,"dataforseo_labs_google_keyword_overview (volume, monthly_searches, intento); dataforseo_labs_bulk_keyword_difficulty (KD)"
taglio irpef 2026,"IRPEF, detrazioni e conguaglio",9900,0,informational,informazionale pura,ottobre,calcolatore RAL,"AI Overview in pos.1. Organico: DynamicaRetail, FunniFin, Il Sole 24 Ore (video), Corriere, SoluzioneTasse, Ipsoa, Facebook PMI.it, TutelaFiscale. Nessuna Agenzia Entrate in top 10: SERP editoriale/news, aggredibile. Ma dominata da testate economiche forti.","dataforseo_labs_google_keyword_overview (volume, monthly_searches, intento); dataforseo_labs_bulk_keyword_difficulty (KD); serp_organic_live_advanced (SERP)"
trattamento integrativo 21/2020,"IRPEF, detrazioni e conguaglio",9900,0,informational,informazionale pura,dicembre,nessuno,SERP non controllata,"dataforseo_labs_google_keyword_overview (volume, monthly_searches, intento); dataforseo_labs_bulk_keyword_difficulty (KD)"
conguaglio,"IRPEF, detrazioni e conguaglio",8100,0,informational,informazionale pura,gennaio,calcolatore RAL,SERP non controllata,"dataforseo_labs_google_keyword_overview (volume, monthly_searches, intento); dataforseo_labs_bulk_keyword_difficulty (KD)"
detrazioni lavoro dipendente 2025,"IRPEF, detrazioni e conguaglio",8100,0,informational,informazionale pura,gennaio,calcolatore RAL,SERP non controllata,"dataforseo_labs_google_keyword_overview (volume, monthly_searches, intento); dataforseo_labs_bulk_keyword_difficulty (KD)"
detrazioni per lavoratore dipendente,"IRPEF, detrazioni e conguaglio",8100,0,informational,informazionale pura,gennaio,calcolatore RAL,SERP non controllata,"dataforseo_labs_google_keyword_overview (volume, monthly_searches, intento); dataforseo_labs_bulk_keyword_difficulty (KD)"
detrazioni per lavoro dipendente,"IRPEF, detrazioni e conguaglio",8100,0,informational,informazionale pura,gennaio,calcolatore RAL,SERP non controllata,"dataforseo_labs_google_keyword_overview (volume, monthly_searches, intento); dataforseo_labs_bulk_keyword_difficulty (KD)"
taglio irpef ceto medio,"IRPEF, detrazioni e conguaglio",8100,0,informational,informazionale pura,settembre,calcolatore RAL,SERP non controllata,"dataforseo_labs_google_keyword_overview (volume, monthly_searches, intento); dataforseo_labs_bulk_keyword_difficulty (KD)"
trattamento integrativo 2025,"IRPEF, detrazioni e conguaglio",8100,0,informational,informazionale pura,dicembre,nessuno,SERP non controllata,"dataforseo_labs_google_keyword_overview (volume, monthly_searches, intento); dataforseo_labs_bulk_keyword_difficulty (KD)"
trattamento integrativo 2026,"IRPEF, detrazioni e conguaglio",6600,0,transactional,informazionale pura,gennaio,nessuno,SERP non controllata,"dataforseo_labs_google_keyword_overview (volume, monthly_searches, intento); dataforseo_labs_bulk_keyword_difficulty (KD)"
trattamento integrativo novembre 2025,"IRPEF, detrazioni e conguaglio",5400,0,transactional,informazionale pura,novembre,nessuno,SERP non controllata,"dataforseo_labs_google_keyword_overview (volume, monthly_searches, intento); dataforseo_labs_bulk_keyword_difficulty (KD)"
bonus renzi a chi spetta,"IRPEF, detrazioni e conguaglio",3600,0,informational,problema/sintomo,gennaio,nessuno,SERP non controllata,"dataforseo_labs_google_keyword_overview (volume, monthly_searches, intento); dataforseo_labs_bulk_keyword_difficulty (KD)"
conguaglio significato,"IRPEF, detrazioni e conguaglio",3600,0,informational,problema/sintomo,gennaio,calcolatore RAL,SERP non controllata,"dataforseo_labs_google_keyword_overview (volume, monthly_searches, intento); dataforseo_labs_bulk_keyword_difficulty (KD)"
cos è l irpef,"IRPEF, detrazioni e conguaglio",3600,2,informational,informazionale pura,ottobre,calcolatore RAL,SERP non controllata,"dataforseo_labs_google_keyword_overview (volume, monthly_searches, intento); dataforseo_labs_bulk_keyword_difficulty (KD)"
significato irpef,"IRPEF, detrazioni e conguaglio",2900,2,informational,problema/sintomo,ottobre,calcolatore RAL,SERP non controllata,"dataforseo_labs_google_keyword_overview (volume, monthly_searches, intento); dataforseo_labs_bulk_keyword_difficulty (KD)"
differenza tra deduzioni e detrazioni,"IRPEF, detrazioni e conguaglio",1300,0,informational,problema/sintomo,maggio,calcolatore RAL,SERP non controllata,"dataforseo_labs_google_keyword_overview (volume, monthly_searches, intento); dataforseo_labs_bulk_keyword_difficulty (KD)"
bonus renzi 2026: a chi spetta,"IRPEF, detrazioni e conguaglio",880,0,commercial,problema/sintomo,giugno,nessuno,SERP non controllata,"dataforseo_labs_google_keyword_overview (volume, monthly_searches, intento); dataforseo_labs_bulk_keyword_difficulty (KD)"
bonus renzi a conguaglio quando arriva,"IRPEF, detrazioni e conguaglio",720,0,informational,informazionale pura,gennaio,calcolatore RAL,SERP non controllata,"dataforseo_labs_google_keyword_overview (volume, monthly_searches, intento); dataforseo_labs_bulk_keyword_difficulty (KD)"
detrazioni significato,"IRPEF, detrazioni e conguaglio",720,0,informational,problema/sintomo,gennaio,calcolatore RAL,SERP non controllata,"dataforseo_labs_google_keyword_overview (volume, monthly_searches, intento); dataforseo_labs_bulk_keyword_difficulty (KD)"
irpef cosa significa,"IRPEF, detrazioni e conguaglio",720,2,informational,problema/sintomo,ottobre,calcolatore RAL,SERP non controllata,"dataforseo_labs_google_keyword_overview (volume, monthly_searches, intento); dataforseo_labs_bulk_keyword_difficulty (KD)"
trattamento integrativo a chi spetta,"IRPEF, detrazioni e conguaglio",590,0,informational,problema/sintomo,giugno,nessuno,SERP non controllata,"dataforseo_labs_google_keyword_overview (volume, monthly_searches, intento); dataforseo_labs_bulk_keyword_difficulty (KD)"
detrazione irpef cos'è,"IRPEF, detrazioni e conguaglio",390,0,informational,informazionale pura,ottobre,calcolatore RAL,SERP non controllata,"dataforseo_labs_google_keyword_overview (volume, monthly_searches, intento); dataforseo_labs_bulk_keyword_difficulty (KD)"
trattamento integrativo 2026 a chi spetta,"IRPEF, detrazioni e conguaglio",390,0,commercial,problema/sintomo,gennaio,nessuno,SERP non controllata,"dataforseo_labs_google_keyword_overview (volume, monthly_searches, intento); dataforseo_labs_bulk_keyword_difficulty (KD)"
trattamento integrativo naspi quanto dura,"IRPEF, detrazioni e conguaglio",390,0,informational,informazionale con bisogno di calcolo,gennaio,nessuno,SERP non controllata,"dataforseo_labs_google_keyword_overview (volume, monthly_searches, intento); dataforseo_labs_bulk_keyword_difficulty (KD)"
conguaglio cos'è,"IRPEF, detrazioni e conguaglio",210,0,informational,informazionale pura,gennaio,calcolatore RAL,SERP non controllata,"dataforseo_labs_google_keyword_overview (volume, monthly_searches, intento); dataforseo_labs_bulk_keyword_difficulty (KD)"
conguaglio irpef quando arriva,"IRPEF, detrazioni e conguaglio",210,0,informational,informazionale pura,gennaio,calcolatore RAL,SERP non controllata,"dataforseo_labs_google_keyword_overview (volume, monthly_searches, intento); dataforseo_labs_bulk_keyword_difficulty (KD)"
cosa significa conguaglio,"IRPEF, detrazioni e conguaglio",210,0,informational,problema/sintomo,gennaio,calcolatore RAL,SERP non controllata,"dataforseo_labs_google_keyword_overview (volume, monthly_searches, intento); dataforseo_labs_bulk_keyword_difficulty (KD)"
trattamento integrativo naspi: quando arriva,"IRPEF, detrazioni e conguaglio",210,0,informational,informazionale pura,gennaio,nessuno,SERP non controllata,"dataforseo_labs_google_keyword_overview (volume, monthly_searches, intento); dataforseo_labs_bulk_keyword_difficulty (KD)"
conguaglio fiscale cos'è,"IRPEF, detrazioni e conguaglio",170,0,informational,informazionale pura,gennaio,calcolatore RAL,SERP non controllata,"dataforseo_labs_google_keyword_overview (volume, monthly_searches, intento); dataforseo_labs_bulk_keyword_difficulty (KD)"
come funziona il conguaglio di fine anno,"IRPEF, detrazioni e conguaglio",140,0,informational,informazionale pura,gennaio,calcolatore RAL,SERP non controllata,"dataforseo_labs_google_keyword_overview (volume, monthly_searches, intento); dataforseo_labs_bulk_keyword_difficulty (KD)"
come si calcola il conguaglio di fine anno,"IRPEF, detrazioni e conguaglio",110,0,informational,informazionale con bisogno di calcolo,gennaio,calcolatore RAL,SERP non controllata,"dataforseo_labs_google_keyword_overview (volume, monthly_searches, intento); dataforseo_labs_bulk_keyword_difficulty (KD)"
cos è il conguaglio irpef,"IRPEF, detrazioni e conguaglio",110,0,informational,informazionale pura,gennaio,calcolatore RAL,SERP non controllata,"dataforseo_labs_google_keyword_overview (volume, monthly_searches, intento); dataforseo_labs_bulk_keyword_difficulty (KD)"
conguaglio assegno unico quando arriva,"IRPEF, detrazioni e conguaglio",90,0,informational,informazionale pura,marzo,calcolatore RAL,SERP non controllata,"dataforseo_labs_google_keyword_overview (volume, monthly_searches, intento); dataforseo_labs_bulk_keyword_difficulty (KD)"
come funziona il conguaglio,"IRPEF, detrazioni e conguaglio",70,non disponibile,informational,informazionale pura,gennaio,calcolatore RAL,SERP non controllata,"dataforseo_labs_google_keyword_overview (volume, monthly_searches, intento); dataforseo_labs_bulk_keyword_difficulty (KD)"
conguaglio 730 quando arriva,"IRPEF, detrazioni e conguaglio",70,non disponibile,informational,informazionale pura,giugno,calcolatore RAL,SERP non controllata,"dataforseo_labs_google_keyword_overview (volume, monthly_searches, intento); dataforseo_labs_bulk_keyword_difficulty (KD)"
trattamento integrativo inps: quando arriva,"IRPEF, detrazioni e conguaglio",70,non disponibile,commercial,informazionale pura,dicembre,nessuno,SERP non controllata,"dataforseo_labs_google_keyword_overview (volume, monthly_searches, intento); dataforseo_labs_bulk_keyword_difficulty (KD)"
trattamento integrativo naspi dove vederlo,"IRPEF, detrazioni e conguaglio",10,non disponibile,commercial,problema/sintomo,luglio,nessuno,SERP non controllata,"dataforseo_labs_google_keyword_overview (volume, monthly_searches, intento); dataforseo_labs_bulk_keyword_difficulty (KD)"
quando arriva la tredicesima,Tredicesima e quattordicesima,12100,0,informational,informazionale pura,dicembre,calcolatore RAL,"AI Overview in pos.1. Organico: Randstad, Namirial, Sky TG24, NoiPA (istituzionale, MEF), App rilevazione presenze, Indeed, Fenalca, Idealista, Upward. SERP news-driven a dicembre: i grandi editori entrano con articoli datati. Difficile tenere la posizione in stagione.","dataforseo_labs_google_keyword_overview (volume, monthly_searches, intento); dataforseo_labs_bulk_keyword_difficulty (KD); serp_organic_live_advanced (SERP)"
tredicesima,Tredicesima e quattordicesima,9900,0,informational,informazionale pura,dicembre,calcolatore RAL,SERP non controllata,"dataforseo_labs_google_keyword_overview (volume, monthly_searches, intento); dataforseo_labs_bulk_keyword_difficulty (KD)"
quando arriva la quattordicesima,Tredicesima e quattordicesima,8100,0,informational,informazionale pura,giugno,calcolatore RAL,SERP non controllata,"dataforseo_labs_google_keyword_overview (volume, monthly_searches, intento); dataforseo_labs_bulk_keyword_difficulty (KD)"
quattordicesima,Tredicesima e quattordicesima,8100,0,informational,informazionale pura,giugno,calcolatore RAL,SERP non controllata,"dataforseo_labs_google_keyword_overview (volume, monthly_searches, intento); dataforseo_labs_bulk_keyword_difficulty (KD)"
tredicesima come si calcola,Tredicesima e quattordicesima,8100,0,informational,informazionale con bisogno di calcolo,dicembre,calcolatore RAL,"AI Overview in pos.1 con la formula completa. Organico: Gi HR Services, PMI.it (simulatore), Namirial, Gi Group, Indeed, Jobtech, TechCompenso, App rilevazione presenze. Nessun istituzionale. L'AI Overview chiude gia la domanda: serve un angolo che l'AI non copre (es. perche il netto non torna).","dataforseo_labs_google_keyword_overview (volume, monthly_searches, intento); dataforseo_labs_bulk_keyword_difficulty (KD); serp_organic_live_advanced (SERP)"
tredicesima detassata,Tredicesima e quattordicesima,8100,0,informational,informazionale pura,ottobre,calcolatore RAL,SERP non controllata,"dataforseo_labs_google_keyword_overview (volume, monthly_searches, intento); dataforseo_labs_bulk_keyword_difficulty (KD)"
tredicesima mensilità,Tredicesima e quattordicesima,8100,0,informational,informazionale pura,novembre,calcolatore RAL,SERP non controllata,"dataforseo_labs_google_keyword_overview (volume, monthly_searches, intento); dataforseo_labs_bulk_keyword_difficulty (KD)"
tassazione tredicesima,Tredicesima e quattordicesima,6600,0,informational,informazionale con bisogno di calcolo,ottobre,calcolatore RAL,"AI Overview in pos.1. Organico: FiscoeTasse, Pensionati CISL, BustaIA (concorrente diretto, pos.3), cafinforma, LinkedIn, Namirial, Fiscomania, YouTube, Studio Riitano. Presenza di bustaia.it = concorrente con lo stesso posizionamento prodotto.","dataforseo_labs_google_keyword_overview (volume, monthly_searches, intento); dataforseo_labs_bulk_keyword_difficulty (KD); serp_organic_live_advanced (SERP)"
tredicesima 2025,Tredicesima e quattordicesima,6600,0,informational,informazionale pura,dicembre,calcolatore RAL,SERP non controllata,"dataforseo_labs_google_keyword_overview (volume, monthly_searches, intento); dataforseo_labs_bulk_keyword_difficulty (KD)"
calcolare tredicesima,Tredicesima e quattordicesima,5400,0,informational,informazionale con bisogno di calcolo,dicembre,calcolatore RAL,SERP non controllata,"dataforseo_labs_google_keyword_overview (volume, monthly_searches, intento); dataforseo_labs_bulk_keyword_difficulty (KD)"
quando si prende la quattordicesima,Tredicesima e quattordicesima,5400,0,informational,informazionale pura,giugno,calcolatore RAL,SERP non controllata,"dataforseo_labs_google_keyword_overview (volume, monthly_searches, intento); dataforseo_labs_bulk_keyword_difficulty (KD)"
tredicesima quando viene pagata,Tredicesima e quattordicesima,4400,0,informational,informazionale pura,dicembre,calcolatore RAL,SERP non controllata,"dataforseo_labs_google_keyword_overview (volume, monthly_searches, intento); dataforseo_labs_bulk_keyword_difficulty (KD)"
tredicesima: quando si prende,Tredicesima e quattordicesima,3600,0,informational,informazionale pura,dicembre,calcolatore RAL,SERP non controllata,"dataforseo_labs_google_keyword_overview (volume, monthly_searches, intento); dataforseo_labs_bulk_keyword_difficulty (KD)"
detassazione tredicesima 2025,Tredicesima e quattordicesima,2900,0,informational,informazionale con bisogno di calcolo,ottobre,calcolatore RAL,SERP non controllata,"dataforseo_labs_google_keyword_overview (volume, monthly_searches, intento); dataforseo_labs_bulk_keyword_difficulty (KD)"
tassazione tredicesima 2025,Tredicesima e quattordicesima,2900,0,informational,informazionale con bisogno di calcolo,ottobre,calcolatore RAL,SERP non controllata,"dataforseo_labs_google_keyword_overview (volume, monthly_searches, intento); dataforseo_labs_bulk_keyword_difficulty (KD)"
quando arriva la tredicesima 2025,Tredicesima e quattordicesima,2400,0,informational,informazionale pura,dicembre,calcolatore RAL,SERP non controllata,"dataforseo_labs_google_keyword_overview (volume, monthly_searches, intento); dataforseo_labs_bulk_keyword_difficulty (KD)"
tredicesima 2025: quando viene pagata,Tredicesima e quattordicesima,2400,0,informational,informazionale pura,novembre,calcolatore RAL,SERP non controllata,"dataforseo_labs_google_keyword_overview (volume, monthly_searches, intento); dataforseo_labs_bulk_keyword_difficulty (KD)"
come si calcola la quattordicesima,Tredicesima e quattordicesima,1900,0,informational,informazionale con bisogno di calcolo,luglio,calcolatore RAL,SERP non controllata,"dataforseo_labs_google_keyword_overview (volume, monthly_searches, intento); dataforseo_labs_bulk_keyword_difficulty (KD)"
a chi spetta la quattordicesima,Tredicesima e quattordicesima,1600,0,informational,problema/sintomo,giugno,calcolatore RAL,SERP non controllata,"dataforseo_labs_google_keyword_overview (volume, monthly_searches, intento); dataforseo_labs_bulk_keyword_difficulty (KD)"
quando arriva la quattordicesima 2026,Tredicesima e quattordicesima,1600,0,informational,informazionale pura,giugno,calcolatore RAL,SERP non controllata,"dataforseo_labs_google_keyword_overview (volume, monthly_searches, intento); dataforseo_labs_bulk_keyword_difficulty (KD)"
simulatore calcolo tredicesima,Tredicesima e quattordicesima,1600,0,informational,informazionale con bisogno di calcolo,dicembre,calcolatore RAL,SERP non controllata,"dataforseo_labs_google_keyword_overview (volume, monthly_searches, intento); dataforseo_labs_bulk_keyword_difficulty (KD)"
simulazione calcolo tredicesima,Tredicesima e quattordicesima,1600,0,informational,informazionale con bisogno di calcolo,dicembre,calcolatore RAL,SERP non controllata,"dataforseo_labs_google_keyword_overview (volume, monthly_searches, intento); dataforseo_labs_bulk_keyword_difficulty (KD)"
come sapere se mi spetta la quattordicesima,Tredicesima e quattordicesima,1300,0,informational,problema/sintomo,giugno,calcolatore RAL,SERP non controllata,"dataforseo_labs_google_keyword_overview (volume, monthly_searches, intento); dataforseo_labs_bulk_keyword_difficulty (KD)"
quando pagano la tredicesima,Tredicesima e quattordicesima,1300,0,informational,informazionale pura,dicembre,calcolatore RAL,SERP non controllata,"dataforseo_labs_google_keyword_overview (volume, monthly_searches, intento); dataforseo_labs_bulk_keyword_difficulty (KD)"
tredicesima quando si paga,Tredicesima e quattordicesima,1300,0,informational,informazionale pura,dicembre,calcolatore RAL,SERP non controllata,"dataforseo_labs_google_keyword_overview (volume, monthly_searches, intento); dataforseo_labs_bulk_keyword_difficulty (KD)"
tredicesima quattordicesima,Tredicesima e quattordicesima,1300,0,informational,informazionale pura,giugno,calcolatore RAL,SERP non controllata,"dataforseo_labs_google_keyword_overview (volume, monthly_searches, intento); dataforseo_labs_bulk_keyword_difficulty (KD)"
cos'è la tredicesima,Tredicesima e quattordicesima,1000,0,informational,informazionale pura,dicembre,calcolatore RAL,SERP non controllata,"dataforseo_labs_google_keyword_overview (volume, monthly_searches, intento); dataforseo_labs_bulk_keyword_difficulty (KD)"
come funziona la tredicesima,Tredicesima e quattordicesima,590,0,informational,informazionale pura,dicembre,calcolatore RAL,SERP non controllata,"dataforseo_labs_google_keyword_overview (volume, monthly_searches, intento); dataforseo_labs_bulk_keyword_difficulty (KD)"
come si calcola la tredicesima mensilità,Tredicesima e quattordicesima,480,0,informational,informazionale con bisogno di calcolo,dicembre,calcolatore RAL,SERP non controllata,"dataforseo_labs_google_keyword_overview (volume, monthly_searches, intento); dataforseo_labs_bulk_keyword_difficulty (KD)"
cos'è la quattordicesima,Tredicesima e quattordicesima,480,0,informational,informazionale pura,luglio,calcolatore RAL,SERP non controllata,"dataforseo_labs_google_keyword_overview (volume, monthly_searches, intento); dataforseo_labs_bulk_keyword_difficulty (KD)"
entro quando arriva la tredicesima,Tredicesima e quattordicesima,390,0,informational,informazionale pura,dicembre,calcolatore RAL,SERP non controllata,"dataforseo_labs_google_keyword_overview (volume, monthly_searches, intento); dataforseo_labs_bulk_keyword_difficulty (KD)"
quattordicesima quando viene pagata,Tredicesima e quattordicesima,390,0,informational,informazionale pura,giugno,calcolatore RAL,SERP non controllata,"dataforseo_labs_google_keyword_overview (volume, monthly_searches, intento); dataforseo_labs_bulk_keyword_difficulty (KD)"
come funziona la quattordicesima,Tredicesima e quattordicesima,260,0,informational,informazionale pura,luglio,calcolatore RAL,SERP non controllata,"dataforseo_labs_google_keyword_overview (volume, monthly_searches, intento); dataforseo_labs_bulk_keyword_difficulty (KD)"
a chi spetta la quattordicesima a luglio,Tredicesima e quattordicesima,210,0,informational,problema/sintomo,luglio,calcolatore RAL,SERP non controllata,"dataforseo_labs_google_keyword_overview (volume, monthly_searches, intento); dataforseo_labs_bulk_keyword_difficulty (KD)"
a chi spetta la tredicesima,Tredicesima e quattordicesima,210,0,informational,problema/sintomo,dicembre,calcolatore RAL,SERP non controllata,"dataforseo_labs_google_keyword_overview (volume, monthly_searches, intento); dataforseo_labs_bulk_keyword_difficulty (KD)"
straordinari,Orario e straordinari,3600,0,informational,informazionale pura,ottobre,busta paga,SERP non controllata,"dataforseo_labs_google_keyword_overview (volume, monthly_searches, intento); dataforseo_labs_bulk_keyword_difficulty (KD)"
congedi straordinari,Orario e straordinari,2900,0,informational,informazionale pura,gennaio,busta paga,SERP non controllata,"dataforseo_labs_google_keyword_overview (volume, monthly_searches, intento); dataforseo_labs_bulk_keyword_difficulty (KD)"
detassazione straordinari 2026,Orario e straordinari,2900,0,transactional,informazionale con bisogno di calcolo,gennaio,busta paga,SERP non controllata,"dataforseo_labs_google_keyword_overview (volume, monthly_searches, intento); dataforseo_labs_bulk_keyword_difficulty (KD)"
tassazione straordinari 2026,Orario e straordinari,2900,0,informational,informazionale con bisogno di calcolo,gennaio,busta paga,SERP non controllata,"dataforseo_labs_google_keyword_overview (volume, monthly_searches, intento); dataforseo_labs_bulk_keyword_difficulty (KD)"
detassazione straordinari,Orario e straordinari,2400,0,informational,informazionale con bisogno di calcolo,ottobre,busta paga,SERP non controllata,"dataforseo_labs_google_keyword_overview (volume, monthly_searches, intento); dataforseo_labs_bulk_keyword_difficulty (KD)"
tassazione straordinari,Orario e straordinari,2400,0,informational,informazionale con bisogno di calcolo,ottobre,busta paga,SERP non controllata,"dataforseo_labs_google_keyword_overview (volume, monthly_searches, intento); dataforseo_labs_bulk_keyword_difficulty (KD)"
tassazione straordinario,Orario e straordinari,2400,0,informational,informazionale con bisogno di calcolo,ottobre,busta paga,SERP non controllata,"dataforseo_labs_google_keyword_overview (volume, monthly_searches, intento); dataforseo_labs_bulk_keyword_difficulty (KD)"
straordinari lavoro,Orario e straordinari,1900,0,informational,informazionale pura,agosto,busta paga,SERP non controllata,"dataforseo_labs_google_keyword_overview (volume, monthly_searches, intento); dataforseo_labs_bulk_keyword_difficulty (KD)"
straordinari significato,Orario e straordinari,590,0,informational,problema/sintomo,marzo,busta paga,SERP non controllata,"dataforseo_labs_google_keyword_overview (volume, monthly_searches, intento); dataforseo_labs_bulk_keyword_difficulty (KD)"
straordinari tassati dopo quante ore,Orario e straordinari,590,0,informational,informazionale pura,novembre,busta paga,SERP non controllata,"dataforseo_labs_google_keyword_overview (volume, monthly_searches, intento); dataforseo_labs_bulk_keyword_difficulty (KD)"
straordinari ccnl commercio,Orario e straordinari,480,0,navigational,informazionale pura,novembre,busta paga,SERP non controllata,"dataforseo_labs_google_keyword_overview (volume, monthly_searches, intento); dataforseo_labs_bulk_keyword_difficulty (KD)"
gli straordinari sono obbligatori,Orario e straordinari,390,0,informational,informazionale pura,luglio,busta paga,SERP non controllata,"dataforseo_labs_google_keyword_overview (volume, monthly_searches, intento); dataforseo_labs_bulk_keyword_difficulty (KD)"
detassazione straordinari 2025,Orario e straordinari,320,0,informational,informazionale con bisogno di calcolo,ottobre,busta paga,SERP non controllata,"dataforseo_labs_google_keyword_overview (volume, monthly_searches, intento); dataforseo_labs_bulk_keyword_difficulty (KD)"
straordinari detassati,Orario e straordinari,320,0,informational,informazionale pura,ottobre,busta paga,SERP non controllata,"dataforseo_labs_google_keyword_overview (volume, monthly_searches, intento); dataforseo_labs_bulk_keyword_difficulty (KD)"
tassazione straordinari 2025,Orario e straordinari,320,0,informational,informazionale con bisogno di calcolo,ottobre,busta paga,SERP non controllata,"dataforseo_labs_google_keyword_overview (volume, monthly_searches, intento); dataforseo_labs_bulk_keyword_difficulty (KD)"
tassazione straordinari dopo 20 ore,Orario e straordinari,320,0,informational,informazionale con bisogno di calcolo,ottobre,busta paga,SERP non controllata,"dataforseo_labs_google_keyword_overview (volume, monthly_searches, intento); dataforseo_labs_bulk_keyword_difficulty (KD)"
quanto vengono pagati gli straordinari,Orario e straordinari,260,0,informational,informazionale con bisogno di calcolo,novembre,busta paga,SERP non controllata,"dataforseo_labs_google_keyword_overview (volume, monthly_searches, intento); dataforseo_labs_bulk_keyword_difficulty (KD)"
straordinari detassati 2026,Orario e straordinari,260,0,informational,informazionale pura,gennaio,busta paga,SERP non controllata,"dataforseo_labs_google_keyword_overview (volume, monthly_searches, intento); dataforseo_labs_bulk_keyword_difficulty (KD)"
straordinari metalmeccanici,Orario e straordinari,260,0,informational,informazionale pura,ottobre,busta paga,SERP non controllata,"dataforseo_labs_google_keyword_overview (volume, monthly_searches, intento); dataforseo_labs_bulk_keyword_difficulty (KD)"
detassazione straordinari 2026: come funziona,Orario e straordinari,90,non disponibile,informational,informazionale con bisogno di calcolo,febbraio,busta paga,SERP non controllata,"dataforseo_labs_google_keyword_overview (volume, monthly_searches, intento); dataforseo_labs_bulk_keyword_difficulty (KD)"
tfr come calcolare,TFR e liquidazione,12100,1,informational,informazionale con bisogno di calcolo,ottobre,calcolatore RAL,SERP non controllata,"dataforseo_labs_google_keyword_overview (volume, monthly_searches, intento); dataforseo_labs_bulk_keyword_difficulty (KD)"
tfr come calcolarlo,TFR e liquidazione,12100,0,informational,informazionale con bisogno di calcolo,ottobre,calcolatore RAL,SERP non controllata,"dataforseo_labs_google_keyword_overview (volume, monthly_searches, intento); dataforseo_labs_bulk_keyword_difficulty (KD)"
tfr: calcolo,TFR e liquidazione,12100,1,informational,informazionale con bisogno di calcolo,ottobre,calcolatore RAL,SERP non controllata,"dataforseo_labs_google_keyword_overview (volume, monthly_searches, intento); dataforseo_labs_bulk_keyword_difficulty (KD)"
tfr e tassazione,TFR e liquidazione,9900,0,informational,informazionale con bisogno di calcolo,marzo,calcolatore RAL,SERP non controllata,"dataforseo_labs_google_keyword_overview (volume, monthly_searches, intento); dataforseo_labs_bulk_keyword_difficulty (KD)"
tfr 2026,TFR e liquidazione,8100,0,informational,informazionale pura,gennaio,calcolatore RAL,SERP non controllata,"dataforseo_labs_google_keyword_overview (volume, monthly_searches, intento); dataforseo_labs_bulk_keyword_difficulty (KD)"
anticipazioni tfr,TFR e liquidazione,5400,0,informational,informazionale pura,ottobre,calcolatore RAL,SERP non controllata,"dataforseo_labs_google_keyword_overview (volume, monthly_searches, intento); dataforseo_labs_bulk_keyword_difficulty (KD)"
tfr anticipato,TFR e liquidazione,5400,0,informational,informazionale pura,ottobre,calcolatore RAL,SERP non controllata,"dataforseo_labs_google_keyword_overview (volume, monthly_searches, intento); dataforseo_labs_bulk_keyword_difficulty (KD)"
tfr in anticipo,TFR e liquidazione,5400,0,informational,informazionale pura,ottobre,calcolatore RAL,SERP non controllata,"dataforseo_labs_google_keyword_overview (volume, monthly_searches, intento); dataforseo_labs_bulk_keyword_difficulty (KD)"
tfr dipendente pubblico,TFR e liquidazione,4400,0,informational,informazionale pura,novembre,calcolatore RAL,SERP non controllata,"dataforseo_labs_google_keyword_overview (volume, monthly_searches, intento); dataforseo_labs_bulk_keyword_difficulty (KD)"
tfr cos'è,TFR e liquidazione,3600,0,informational,informazionale pura,luglio,calcolatore RAL,SERP non controllata,"dataforseo_labs_google_keyword_overview (volume, monthly_searches, intento); dataforseo_labs_bulk_keyword_difficulty (KD)"
tfr in azienda tassazione,TFR e liquidazione,3600,0,informational,informazionale con bisogno di calcolo,marzo,calcolatore RAL,SERP non controllata,"dataforseo_labs_google_keyword_overview (volume, monthly_searches, intento); dataforseo_labs_bulk_keyword_difficulty (KD)"
calcolare tfr online,TFR e liquidazione,2900,0,informational,navigazionale,gennaio,calcolatore RAL,SERP non controllata,"dataforseo_labs_google_keyword_overview (volume, monthly_searches, intento); dataforseo_labs_bulk_keyword_difficulty (KD)"
calcolo tfr online,TFR e liquidazione,2900,0,informational,navigazionale,gennaio,calcolatore RAL,SERP non controllata,"dataforseo_labs_google_keyword_overview (volume, monthly_searches, intento); dataforseo_labs_bulk_keyword_difficulty (KD)"
quanto è tassato il tfr,TFR e liquidazione,2900,0,informational,informazionale con bisogno di calcolo,marzo,calcolatore RAL,SERP non controllata,"dataforseo_labs_google_keyword_overview (volume, monthly_searches, intento); dataforseo_labs_bulk_keyword_difficulty (KD)"
tfr calcolo on line,TFR e liquidazione,2900,0,informational,informazionale con bisogno di calcolo,gennaio,calcolatore RAL,SERP non controllata,"dataforseo_labs_google_keyword_overview (volume, monthly_searches, intento); dataforseo_labs_bulk_keyword_difficulty (KD)"
tfr quanto viene tassato,TFR e liquidazione,2900,0,informational,informazionale con bisogno di calcolo,marzo,calcolatore RAL,SERP non controllata,"dataforseo_labs_google_keyword_overview (volume, monthly_searches, intento); dataforseo_labs_bulk_keyword_difficulty (KD)"
tfr rivalutazione,TFR e liquidazione,2900,0,informational,informazionale con bisogno di calcolo,gennaio,calcolatore RAL,SERP non controllata,"dataforseo_labs_google_keyword_overview (volume, monthly_searches, intento); dataforseo_labs_bulk_keyword_difficulty (KD)"
tassa tfr,TFR e liquidazione,2400,0,informational,informazionale pura,marzo,calcolatore RAL,SERP non controllata,"dataforseo_labs_google_keyword_overview (volume, monthly_searches, intento); dataforseo_labs_bulk_keyword_difficulty (KD)"
tasse tfr,TFR e liquidazione,2400,0,informational,informazionale pura,marzo,calcolatore RAL,SERP non controllata,"dataforseo_labs_google_keyword_overview (volume, monthly_searches, intento); dataforseo_labs_bulk_keyword_difficulty (KD)"
tfr come funziona,TFR e liquidazione,1900,0,informational,informazionale pura,gennaio,calcolatore RAL,SERP non controllata,"dataforseo_labs_google_keyword_overview (volume, monthly_searches, intento); dataforseo_labs_bulk_keyword_difficulty (KD)"
tfr: quando viene pagato,TFR e liquidazione,1900,0,informational,informazionale pura,settembre,calcolatore RAL,SERP non controllata,"dataforseo_labs_google_keyword_overview (volume, monthly_searches, intento); dataforseo_labs_bulk_keyword_difficulty (KD)"
coefficienti rivalutazione tfr,TFR e liquidazione,1900,0,informational,informazionale con bisogno di calcolo,gennaio,calcolatore RAL,SERP non controllata,"dataforseo_labs_google_keyword_overview (volume, monthly_searches, intento); dataforseo_labs_bulk_keyword_difficulty (KD)"
tfr in azienda,TFR e liquidazione,1900,0,navigational,informazionale pura,giugno,calcolatore RAL,SERP non controllata,"dataforseo_labs_google_keyword_overview (volume, monthly_searches, intento); dataforseo_labs_bulk_keyword_difficulty (KD)"
tfr richiesta anticipata,TFR e liquidazione,1900,0,transactional,informazionale pura,settembre,calcolatore RAL,SERP non controllata,"dataforseo_labs_google_keyword_overview (volume, monthly_searches, intento); dataforseo_labs_bulk_keyword_difficulty (KD)"
tfr richiesta anticipo,TFR e liquidazione,1900,0,transactional,informazionale pura,settembre,calcolatore RAL,SERP non controllata,"dataforseo_labs_google_keyword_overview (volume, monthly_searches, intento); dataforseo_labs_bulk_keyword_difficulty (KD)"
fondi tfr,TFR e liquidazione,1600,0,informational,informazionale pura,marzo,calcolatore RAL,SERP non controllata,"dataforseo_labs_google_keyword_overview (volume, monthly_searches, intento); dataforseo_labs_bulk_keyword_difficulty (KD)"
tfr 2026: cosa cambia,TFR e liquidazione,1600,0,informational,informazionale pura,gennaio,calcolatore RAL,SERP non controllata,"dataforseo_labs_google_keyword_overview (volume, monthly_searches, intento); dataforseo_labs_bulk_keyword_difficulty (KD)"
tfr o fondo,TFR e liquidazione,1600,0,informational,informazionale pura,marzo,calcolatore RAL,SERP non controllata,"dataforseo_labs_google_keyword_overview (volume, monthly_searches, intento); dataforseo_labs_bulk_keyword_difficulty (KD)"
tfr silenzio-assenso,TFR e liquidazione,1600,0,informational,informazionale pura,dicembre,calcolatore RAL,SERP non controllata,"dataforseo_labs_google_keyword_overview (volume, monthly_searches, intento); dataforseo_labs_bulk_keyword_difficulty (KD)"
tfr dopo licenziamento quando arriva,TFR e liquidazione,880,0,informational,informazionale pura,settembre,calcolatore RAL,SERP non controllata,"dataforseo_labs_google_keyword_overview (volume, monthly_searches, intento); dataforseo_labs_bulk_keyword_difficulty (KD)"
tfr quando arriva,TFR e liquidazione,720,0,informational,informazionale pura,ottobre,calcolatore RAL,SERP non controllata,"dataforseo_labs_google_keyword_overview (volume, monthly_searches, intento); dataforseo_labs_bulk_keyword_difficulty (KD)"
